사망원인별(237항목),1983,1983,1984,1984,1985,1985,1986,1986,1987,1987,1988,1988,1989,1989,1990,1990,1991,1991,1992,1992,1993,1993,1994,1994,1995,1995,1996,1996,1997,1997,1998,1998,1999,1999,2000,2000,2001,2001,2002,2002,2003,2003,2004,2004,2005,2005,2006,2006,2007,2007,2008,2008,2009,2009,2010,2010,2011,2011,2012,2012,2013,2013,2014,2014,2015,2015,2016,2016,2017,2017,2018,2018,2019,2019,2020,2020,2021,2021,2022,2022,2023,2023,2024,2024
콜레라 (A00),7,0.0,7,0.0,8,0.0,0,-,1,0.0,0,-,0,-,0,-,2,0.0,0,-,0,-,2,0.0,0,-,0,-,0,-,0,-,0,-,1,0.0,0,-,0,-,0,-,0,-,0,-,0,-,0,-,0,-,1,0.0,0,-,0,-,0,-,1,0.0,0,-,0,-,0,-,0,-,0,-,0,-,0,-,0,-,0,-,0,-,0,-
장티푸스 및 파라티푸스 (A01),137,0.3,103,0.3,67,0.2,44,0.1,46,0.1,37,0.1,18,0.0,20,0.0,6,0.0,12,0.0,8,0.0,6,0.0,4,0.0,3,0.0,4,0.0,7,0.0,5,0.0,8,0.0,6,0.0,0,-,0,-,0,-,1,0.0,0,-,0,-,0,-,2,0.0,1,0.0,2,0.0,0,-,0,-,1,0.0,0,-,0,-,0,-,0,-,0,-,0,-,0,-,0,-,0,-,1,0.0
"살모넬라 및 세균성 식중독 (A02, A05)",170,0.4,195,0.5,193,0.5,177,0.4,120,0.3,102,0.2,86,0.2,97,0.2,77,0.2,83,0.2,70,0.2,73,0.2,61,0.1,53,0.1,48,0.1,56,0.1,45,0.1,37,0.1,30,0.1,71,0.1,15,0.0,10,0.0,13,0.0,13,0.0,27,0.1,16,0.0,19,0.0,25,0.1,27,0.1,25,0.0,27,0.1,26,0.1,24,0.0,22,0.0,27,0.1,26,0.1,19,0.0,18,0.0,14,0.0,22,0.0,23,0.0,36,0.1
나머지 장 감염 질환 (Re. A00- A09),1000,2.5,968,2.4,724,1.8,562,1.4,459,1.1,319,0.8,308,0.7,417,1.0,347,0.8,291,0.7,306,0.7,342,0.8,171,0.4,122,0.3,140,0.3,136,0.3,127,0.3,224,0.5,170,0.4,126,0.3,87,0.2,81,0.2,81,0.2,83,0.2,191,0.4,236,0.5,383,0.8,571,1.1,707,1.4,772,1.5,702,1.4,641,1.3,646,1.3,820,1.6,866,1.7,949,1.8,815,1.6,829,1.6,843,1.6,947,1.8,1093,2.1,1223,2.4
호흡기 결핵 (A15-A16),7495,18.8,6775,16.8,6270,15.4,5859,14.2,5339,12.8,4838,11.5,4337,10.2,4003,9.3,3908,9.0,4011,9.2,4120,9.2,4005,8.9,3804,8.3,3389,7.4,3336,7.2,3371,7.2,3195,6.8,3233,6.8,3052,6.4,3181,6.6,3170,6.6,2794,5.8,2721,5.6,2562,5.2,2213,4.5,2125,4.3,2140,4.3,2198,4.4,2168,4.3,2244,4.5,2055,4.1,2136,4.2,2019,4.0,2020,4.0,1678,3.3,1658,3.2,1492,2.9,1223,2.4,1324,2.6,1223,2.4,1227,2.4,1255,2.5
기타 결핵 (A17-A19),358,0.9,333,0.8,296,0.7,227,0.6,219,0.5,223,0.5,214,0.5,229,0.5,201,0.5,176,0.4,165,0.4,177,0.4,195,0.4,186,0.4,165,0.4,165,0.4,131,0.3,205,0.4,190,0.4,191,0.4,184,0.4,169,0.3,197,0.4,195,0.4,179,0.4,198,0.4,152,0.3,167,0.3,196,0.4,222,0.4,175,0.3,169,0.3,190,0.4,166,0.3,138,0.3,142,0.3,118,0.2,133,0.3,106,0.2,99,0.2,104,0.2,92,0.2
렙토스피라증 (A27),0,-,0,-,20,0.0,17,0.0,12,0.0,9,0.0,5,0.0,27,0.1,16,0.0,8,0.0,12,0.0,7,0.0,6,0.0,8,0.0,1,0.0,14,0.0,11,0.0,10,0.0,10,0.0,10,0.0,9,0.0,2,0.0,2,0.0,2,0.0,8,0.0,1,0.0,2,0.0,3,0.0,0,-,2,0.0,0,-,0,-,2,0.0,0,-,0,-,1,0.0,1,0.0,1,0.0,1,0.0,1,0.0,0,-,0,-
나병[한센병] (A30),17,0.0,21,0.1,10,0.0,13,0.0,14,0.0,24,0.1,14,0.0,20,0.0,15,0.0,21,0.0,20,0.0,14,0.0,9,0.0,21,0.0,16,0.0,21,0.0,21,0.0,18,0.0,40,0.1,18,0.0,3,0.0,2,0.0,1,0.0,1,0.0,2,0.0,1,0.0,5,0.0,3,0.0,1,0.0,1,0.0,2,0.0,1,0.0,3,0.0,0,-,0,-,0,-,0,-,0,-,1,0.0,2,0.0,0,-,0,-
파상풍 (A33-A35),83,0.2,75,0.2,62,0.2,52,0.1,39,0.1,31,0.1,29,0.1,24,0.1,14,0.0,29,0.1,20,0.0,14,0.0,12,0.0,8,0.0,14,0.0,10,0.0,11,0.0,11,0.0,15,0.0,13,0.0,5,0.0,5,0.0,9,0.0,10,0.0,4,0.0,5,0.0,6,0.0,5,0.0,6,0.0,4,0.0,7,0.0,3,0.0,2,0.0,3,0.0,5,0.0,3,0.0,4,0.0,7,0.0,5,0.0,6,0.0,3,0.0,3,0.0
디프테리아 (A36),4,0.0,3,0.0,0,-,4,0.0,0,-,1,0.0,0,-,0,-,0,-,0,-,1,0.0,0,-,0,-,1,0.0,0,-,0,-,0,-,0,-,0,-,0,-,0,-,0,-,0,-,0,-,0,-,0,-,0,-,0,-,0,-,0,-,0,-,0,-,0,-,0,-,0,-,0,-,0,-,0,-,0,-,0,-,0,-,0,-
백일해 (A37),57,0.1,81,0.2,25,0.1,15,0.0,9,0.0,3,0.0,6,0.0,4,0.0,2,0.0,4,0.0,3,0.0,1,0.0,0,-,0,-,0,-,0,-,0,-,0,-,0,-,0,-,0,-,0,-,0,-,0,-,0,-,0,-,1,0.0,0,-,0,-,0,-,0,-,0,-,0,-,0,-,0,-,1,0.0,0,-,0,-,0,-,0,-,1,0.0,3,0.0
성홍열 (A38),8,0.0,2,0.0,0,-,0,-,2,0.0,1,0.0,1,0.0,0,-,0,-,0,-,0,-,0,-,0,-,0,-,0,-,0,-,0,-,1,0.0,1,0.0,0,-,0,-,0,-,0,-,0,-,0,-,0,-,0,-,0,-,0,-,0,-,0,-,0,-,0,-,0,-,1,0.0,0,-,0,-,0,-,0,-,0,-,0,-,1,0.0
패혈증 (A40-A41),305,0.8,312,0.8,377,0.9,432,1.0,589,1.4,423,1.0,486,1.1,499,1.2,487,1.1,559,1.3,610,1.4,738,1.6,688,1.5,817,1.8,903,1.9,1856,4.0,1478,3.1,1727,3.6,1362,2.8,1079,2.2,724,1.5,947,2.0,1170,2.4,1183,2.4,1110,2.3,1356,2.7,1652,3.3,1864,3.7,1835,3.7,2140,4.3,2196,4.3,2503,4.9,3045,6.0,3596,7.0,3994,7.8,4665,9.1,4903,9.6,6086,11.9,6429,12.5,6928,13.5,7809,15.3,7730,15.1
주로 성행위로 전파되는 감염 (A50-A64),1,0.0,8,0.0,11,0.0,3,0.0,8,0.0,7,0.0,5,0.0,10,0.0,8,0.0,6,0.0,6,0.0,4,0.0,6,0.0,2,0.0,6,0.0,9,0.0,5,0.0,10,0.0,12,0.0,6,0.0,6,0.0,2,0.0,5,0.0,4,0.0,2,0.0,1,0.0,5,0.0,2,0.0,4,0.0,10,0.0,2,0.0,8,0.0,0,-,2,0.0,1,0.0,3,0.0,5,0.0,6,0.0,7,0.0,6,0.0,3,0.0,6,0.0
발진티푸스 (A75),0,-,0,-,0,-,0,-,0,-,0,-,0,-,2,0.0,4,0.0,6,0.0,3,0.0,8,0.0,5,0.0,6,0.0,3,0.0,15,0.0,20,0.0,38,0.1,52,0.1,31,0.1,35,0.1,53,0.1,54,0.1,38,0.1,56,0.1,58,0.1,45,0.1,33,0.1,41,0.1,49,0.1,59,0.1,39,0.1,45,0.1,45,0.1,41,0.1,16,0.0,13,0.0,20,0.0,30,0.1,41,0.1,29,0.1,43,0.1
일본 뇌염 (A83.0),13,0.0,1,0.0,0,-,0,-,0,-,0,-,2,0.0,1,0.0,1,0.0,1,0.0,1,0.0,1,0.0,0,-,0,-,0,-,0,-,1,0.0,0,-,2,0.0,0,-,1,0.0,1,0.0,3,0.0,1,0.0,1,0.0,0,-,2,0.0,6,0.0,2,0.0,7,0.0,8,0.0,9,0.0,21,0.0,15,0.0,8,0.0,5,0.0,10,0.0,7,0.0,6,0.0,7,0.0,6,0.0,9,0.0
콩팥(신장)증후군을 동반한 유행성 출혈열 (A98.5),53,0.1,59,0.1,52,0.1,35,0.1,35,0.1,30,0.1,36,0.1,34,0.1,52,0.1,59,0.1,54,0.1,38,0.1,45,0.1,20,0.0,29,0.1,38,0.1,28,0.1,29,0.1,28,0.1,15,0.0,17,0.0,12,0.0,19,0.0,19,0.0,24,0.0,21,0.0,13,0.0,10,0.0,9,0.0,13,0.0,12,0.0,10,0.0,14,0.0,13,0.0,4,0.0,2,0.0,8,0.0,7,0.0,4,0.0,1,0.0,1,0.0,6,0.0
홍역 (B05),349,0.9,296,0.7,213,0.5,142,0.3,122,0.3,81,0.2,100,0.2,80,0.2,45,0.1,33,0.1,33,0.1,41,0.1,18,0.0,4,0.0,6,0.0,4,0.0,3,0.0,14,0.0,16,0.0,1,0.0,0,-,0,-,0,-,0,-,1,0.0,2,0.0,0,-,0,-,1,0.0,0,-,0,-,0,-,0,-,0,-,0,-,0,-,0,-,0,-,0,-,0,-,0,-,0,-
바이러스 간염 (B15-B19),13,0.0,32,0.1,39,0.1,29,0.1,38,0.1,110,0.3,121,0.3,139,0.3,102,0.2,191,0.4,159,0.4,157,0.3,194,0.4,220,0.5,224,0.5,251,0.5,280,0.6,389,0.8,468,1.0,656,1.4,831,1.7,799,1.6,846,1.7,910,1.9,1033,2.1,1012,2.0,1030,2.1,1111,2.2,1095,2.2,890,1.8,763,1.5,720,1.4,667,1.3,628,1.2,548,1.1,584,1.1,649,1.3,536,1.0,493,1.0,447,0.9,459,0.9,501,1.0
인체면역결핍바이러스병 (B20-B24),0,-,1,0.0,1,0.0,2,0.0,0,-,0,-,1,0.0,3,0.0,2,0.0,12,0.0,4,0.0,6,0.0,14,0.0,21,0.0,18,0.0,25,0.1,26,0.1,29,0.1,39,0.1,64,0.1,64,0.1,74,0.2,69,0.1,77,0.2,105,0.2,99,0.2,98,0.2,122,0.2,124,0.2,124,0.2,119,0.2,121,0.2,104,0.2,88,0.2,91,0.2,85,0.2,76,0.1,54,0.1,64,0.1,54,0.1,45,0.1,55,0.1
볼거리 (B26),3,0.0,0,-,0,-,0,-,0,-,0,-,0,-,0,-,1,0.0,0,-,0,-,0,-,1,0.0,0,-,0,-,0,-,0,-,0,-,0,-,0,-,0,-,1,0.0,0,-,0,-,1,0.0,1,0.0,0,-,0,-,0,-,1,0.0,1,0.0,1,0.0,0,-,2,0.0,3,0.0,0,-,0,-,0,-,0,-,0,-,0,-,0,-
말라리아 (B50-B54),3,0.0,0,-,1,0.0,2,0.0,1,0.0,2,0.0,2,0.0,2,0.0,4,0.0,4,0.0,1,0.0,4,0.0,5,0.0,5,0.0,3,0.0,3,0.0,2,0.0,4,0.0,5,0.0,2,0.0,0,-,3,0.0,0,-,2,0.0,3,0.0,5,0.0,3,0.0,6,0.0,4,0.0,4,0.0,3,0.0,7,0.0,0,-,4,0.0,3,0.0,5,0.0,1,0.0,2,0.0,0,-,0,-,0,-,2,0.0
"코로나19 (U07.1, U08.2, U10)",-,-,0,-,0,-,0,-,0,-,0,-,0,-,0,-,0,-,0,-,0,-,0,-,0,-,0,-,0,-,0,-,0,-,0,-,0,-,0,-,0,-,0,-,0,-,0,-,0,-,0,-,0,-,0,-,0,-,0,-,0,-,0,-,0,-,0,-,0,-,0,-,0,-,950,1.9,5030,9.8,31280,61.0,7442,14.6,3208,6.3
나머지 특정 감염성 및 기생충성 질환 (Re.A00- B99),484,1.2,400,1.0,182,0.4,75,0.2,74,0.2,54,0.1,31,0.1,76,0.2,90,0.2,125,0.3,118,0.3,148,0.3,130,0.3,119,0.3,146,0.3,189,0.4,187,0.4,255,0.5,311,0.6,303,0.6,301,0.6,266,0.5,386,0.8,390,0.8,438,0.9,466,0.9,463,0.9,558,1.1,544,1.1,598,1.2,551,1.1,517,1.0,513,1.0,522,1.0,578,1.1,601,1.2,578,1.1,540,1.1,621,1.2,719,1.4,731,1.4,712,1.4
악성신생물(암) (C00-C97),28787,72.1,29239,72.4,31181,76.4,32241,78.2,33239,79.9,35448,84.3,37430,88.2,39240,91.5,39080,90.3,44291,101.2,47042,105.1,49416,109.3,50434,110.5,50962,110.6,52849,113.7,51291,109.5,54238,115.0,58197,122.4,59288,123.8,63019,130.9,63721,131.9,64701,133.4,65529,134.6,65911,134.8,67870,138.1,68912,139.5,69780,140.5,72048,144.4,71579,142.8,73759,146.5,75334,149.0,76611,150.9,76855,150.8,78194,153.0,78863,153.9,79153,154.3,81203,158.2,82204,160.1,82688,161.1,83378,162.7,85271,166.7,88933,174.3
혀의 악성신생물 (C01-C02),33,0.1,43,0.1,66,0.2,56,0.1,58,0.1,50,0.1,68,0.2,90,0.2,83,0.2,79,0.2,91,0.2,120,0.3,105,0.2,116,0.3,114,0.2,107,0.2,117,0.2,196,0.4,146,0.3,156,0.3,152,0.3,183,0.4,146,0.3,173,0.4,178,0.4,192,0.4,163,0.3,168,0.3,166,0.3,173,0.3,206,0.4,207,0.4,230,0.5,220,0.4,215,0.4,218,0.4,261,0.5,245,0.5,243,0.5,244,0.5,296,0.6,279,0.5
"나머지 입술, 구강 및 인두의 악성신생물 (Re. C00- C14)",138,0.3,163,0.4,173,0.4,176,0.4,218,0.5,202,0.5,229,0.5,235,0.5,249,0.6,319,0.7,291,0.7,389,0.9,413,0.9,435,0.9,409,0.9,379,0.8,391,0.8,858,1.8,588,1.2,734,1.5,725,1.5,751,1.5,703,1.4,725,1.5,774,1.6,777,1.6,810,1.6,795,1.6,774,1.5,863,1.7,872,1.7,890,1.8,940,1.8,983,1.9,984,1.9,919,1.8,1037,2.0,1038,2.0,983,1.9,1050,2.0,1110,2.2,1256,2.5
식도의 악성신생물 (C15),680,1.7,729,1.8,805,2.0,795,1.9,963,2.3,965,2.3,1048,2.5,1175,2.7,1143,2.6,1198,2.7,1301,2.9,1353,3.0,1462,3.2,1385,3.0,1517,3.3,1391,3.0,1430,3.0,1506,3.2,1435,3.0,1525,3.2,1511,3.1,1501,3.1,1426,2.9,1480,3.0,1451,3.0,1385,2.8,1406,2.8,1352,2.7,1507,3.0,1398,2.8,1448,2.9,1540,3.0,1531,3.0,1524,3.0,1423,2.8,1435,2.8,1554,3.0,1564,3.0,1569,3.1,1618,3.2,1612,3.2,1754,3.4
위의 악성신생물 (C16),12145,30.4,11807,29.2,11890,29.1,11541,28.0,11528,27.7,11217,26.7,11299,26.6,11240,26.2,10962,25.3,12236,28.0,12488,27.9,12688,28.1,12111,26.5,11808,25.6,11941,25.7,11214,23.9,11343,24.1,11607,24.4,11545,24.1,11808,24.5,11774,24.4,11270,23.2,11010,22.6,10791,22.1,10606,21.6,10312,20.9,10134,20.4,10031,20.1,9719,19.4,9342,18.6,9180,18.2,8917,17.6,8526,16.7,8264,16.2,8034,15.7,7746,15.1,7624,14.9,7510,14.6,7249,14.1,7147,13.9,7229,14.1,7213,14.1
소장의 악성신생물 (C17),28,0.1,28,0.1,26,0.1,48,0.1,45,0.1,50,0.1,70,0.2,55,0.1,65,0.2,84,0.2,108,0.2,101,0.2,124,0.3,119,0.3,133,0.3,141,0.3,142,0.3,168,0.4,168,0.4,188,0.4,188,0.4,175,0.4,194,0.4,191,0.4,197,0.4,219,0.4,202,0.4,202,0.4,220,0.4,260,0.5,269,0.5,246,0.5,257,0.5,284,0.6,280,0.5,322,0.6,302,0.6,315,0.6,343,0.7,347,0.7,370,0.7,362,0.7
결장의 악성신생물 (C18),349,0.9,360,0.9,446,1.1,469,1.1,531,1.3,542,1.3,659,1.6,775,1.8,868,2.0,877,2.0,1182,2.6,1312,2.9,1458,3.2,1615,3.5,1900,4.1,1897,4.1,2188,4.6,2470,5.2,2753,5.8,2826,5.9,3004,6.2,3290,6.8,3595,7.4,3596,7.4,3872,7.9,3989,8.1,4187,8.4,4476,9.0,4547,9.1,4825,9.6,4844,9.6,4964,9.8,4979,9.8,5043,9.9,5193,10.1,5311,10.4,5414,10.5,5422,10.6,5402,10.5,5667,11.1,5739,11.2,5911,11.6
"직장구불결장 이행부, 직장, 항문 및 항문관의 악성신생물 (C19-C21)",317,0.8,365,0.9,471,1.2,506,1.2,555,1.3,563,1.3,753,1.8,809,1.9,761,1.8,949,2.2,1061,2.4,1166,2.6,1194,2.6,1304,2.8,1320,2.8,1374,2.9,1533,3.3,1760,3.7,1836,3.8,2293,4.8,2522,5.2,2612,5.4,2487,5.1,2691,5.5,2813,5.7,2866,5.8,2918,5.9,3225,6.5,3174,6.3,3373,6.7,3426,6.8,3433,6.8,3401,6.7,3389,6.6,3573,7.0,3475,6.8,3552,6.9,3522,6.9,3582,7.0,3497,6.8,3609,7.1,3772,7.4
간내 담관의 암종 (C22.1),4,0.0,1,0.0,0,-,2,0.0,9,0.0,5,0.0,6,0.0,43,0.1,57,0.1,84,0.2,85,0.2,63,0.1,84,0.2,135,0.3,176,0.4,389,0.8,474,1.0,587,1.2,701,1.5,1454,3.0,1440,3.0,1455,3.0,1539,3.2,1707,3.5,1979,4.0,2109,4.3,2001,4.0,2352,4.7,2407,4.8,2567,5.1,2571,5.1,2628,5.2,2643,5.2,2557,5.0,2397,4.7,2432,4.7,2551,5.0,2590,5.0,2431,4.7,2520,4.9,2558,5.0,2680,5.3
"나머지 간 및 간내 담관의 악성신생물 (C22.0, C22.2-C22.9)",6380,16.0,6560,16.2,6815,16.7,7284,17.7,7585,18.2,7961,18.9,8437,19.9,8502,19.8,8748,20.2,9446,21.6,9721,21.7,10014,22.2,9904,21.7,9776,21.2,9706,20.9,9025,19.3,9293,19.7,9550,20.1,9498,19.8,9663,20.1,9526,19.7,9460,19.5,9397,19.3,9243,18.9,9211,18.7,9183,18.6,9245,18.6,8853,17.7,8539,17.0,8768,17.4,8834,17.5,8938,17.6,8668,17.0,8444,16.5,8324,16.2,8179,15.9,8035,15.7,7975,15.5,7824,15.2,7692,15.0,7578,14.8,7752,15.2
담낭 및 상세불명 담도 부위의 악성신생물 (C23-C24),193,0.5,260,0.6,307,0.8,394,1.0,431,1.0,581,1.4,730,1.7,822,1.9,975,2.3,1146,2.6,1402,3.1,1526,3.4,1754,3.8,2084,4.5,2208,4.8,2120,4.5,2446,5.2,2661,5.6,3110,6.5,2892,6.0,3018,6.2,3217,6.6,3353,6.9,3402,7.0,3426,7.0,3459,7.0,3619,7.3,3502,7.0,3701,7.4,3688,7.3,3783,7.5,3931,7.7,4211,8.3,4408,8.6,4717,9.2,4871,9.5,4988,9.7,5192,10.1,5277,10.3,5217,10.2,5500,10.8,5641,11.1
췌장의 악성신생물 (C25),396,1.0,484,1.2,662,1.6,733,1.8,767,1.8,961,2.3,1055,2.5,1177,2.7,1256,2.9,1517,3.5,1680,3.8,1921,4.2,1950,4.3,2019,4.4,2345,5.0,2238,4.8,2543,5.4,2736,5.8,2857,6.0,2884,6.0,2999,6.2,3069,6.3,3399,7.0,3461,7.1,3594,7.3,3767,7.6,4058,8.2,4306,8.6,4379,8.7,4778,9.5,4831,9.6,5116,10.1,5439,10.7,5614,11.0,5782,11.3,6036,11.8,6396,12.5,6775,13.2,6931,13.5,7325,14.3,7693,15.0,8190,16.0
기타 및 부위불명 소화기의 악성신생물 (C26),251,0.6,246,0.6,295,0.7,302,0.7,288,0.7,302,0.7,293,0.7,404,0.9,347,0.8,413,0.9,321,0.7,339,0.7,411,0.9,409,0.9,423,0.9,389,0.8,369,0.8,413,0.9,369,0.8,264,0.5,321,0.7,267,0.6,244,0.5,250,0.5,323,0.7,438,0.9,393,0.8,477,1.0,193,0.4,171,0.3,148,0.3,139,0.3,114,0.2,98,0.2,146,0.3,129,0.3,122,0.2,93,0.2,92,0.2,95,0.2,34,0.1,51,0.1
후두의 악성신생물 (C32),376,0.9,389,1.0,442,1.1,512,1.2,510,1.2,573,1.4,573,1.3,572,1.3,564,1.3,637,1.5,752,1.7,832,1.8,890,2.0,801,1.7,810,1.7,762,1.6,755,1.6,767,1.6,747,1.6,707,1.5,668,1.4,615,1.3,634,1.3,523,1.1,491,1.0,409,0.8,424,0.9,416,0.8,387,0.8,412,0.8,403,0.8,410,0.8,344,0.7,334,0.7,372,0.7,295,0.6,318,0.6,321,0.6,340,0.7,293,0.6,321,0.6,340,0.7
기관지 및 폐의 악성신생물 (C34),2343,5.9,2441,6.0,2970,7.3,3340,8.1,3667,8.8,4184,10.0,4707,11.1,5136,12.0,5626,13.0,6779,15.5,7396,16.5,8237,18.2,8589,18.8,8966,19.5,9700,20.9,9676,20.7,10433,22.1,11621,24.4,11996,25.1,12607,26.2,12729,26.3,13300,27.4,13807,28.4,14103,28.8,14329,29.2,14785,29.9,14914,30.0,15617,31.3,15860,31.6,16647,33.1,17165,34.0,17435,34.3,17393,34.1,17953,35.1,17969,35.1,17843,34.8,18570,36.2,18660,36.3,18889,36.8,18578,36.2,18633,36.4,19391,38.0
나머지 호흡기 및 가슴내 장기의 악성신생물 (Re.C30- C39),81,0.2,95,0.2,113,0.3,122,0.3,106,0.3,77,0.2,115,0.3,91,0.2,115,0.3,145,0.3,196,0.4,167,0.4,168,0.4,153,0.3,172,0.4,171,0.4,174,0.4,226,0.5,233,0.5,322,0.7,315,0.7,332,0.7,278,0.6,270,0.6,308,0.6,316,0.6,340,0.7,309,0.6,338,0.7,370,0.7,363,0.7,333,0.7,394,0.8,371,0.7,373,0.7,434,0.8,419,0.8,438,0.9,419,0.8,404,0.8,427,0.8,418,0.8
뼈 및 관절연골의 악성신생물 (C40-C41),95,0.2,128,0.3,137,0.3,150,0.4,165,0.4,123,0.3,155,0.4,156,0.4,190,0.4,221,0.5,266,0.6,224,0.5,233,0.5,208,0.5,213,0.5,220,0.5,221,0.5,219,0.5,241,0.5,208,0.4,225,0.5,205,0.4,221,0.5,187,0.4,191,0.4,166,0.3,179,0.4,185,0.4,177,0.4,185,0.4,173,0.3,181,0.4,186,0.4,180,0.4,168,0.3,164,0.3,140,0.3,159,0.3,161,0.3,188,0.4,182,0.4,186,0.4
흑색종 및 기타 피부의 악성신생물 (C43-C44),140,0.4,129,0.3,140,0.3,168,0.4,178,0.4,141,0.3,163,0.4,178,0.4,192,0.4,219,0.5,216,0.5,257,0.6,272,0.6,287,0.6,236,0.5,272,0.6,240,0.5,303,0.6,325,0.7,362,0.8,356,0.7,322,0.7,315,0.6,341,0.7,340,0.7,347,0.7,380,0.8,383,0.8,402,0.8,422,0.8,476,0.9,490,1.0,500,1.0,510,1.0,536,1.0,517,1.0,507,1.0,579,1.1,556,1.1,555,1.1,570,1.1,676,1.3
중피성 및 연조직의 악성신생물 (C45-C49),109,0.3,115,0.3,102,0.2,136,0.3,116,0.3,58,0.1,86,0.2,138,0.3,119,0.3,137,0.3,131,0.3,134,0.3,223,0.5,272,0.6,249,0.5,202,0.4,210,0.4,299,0.6,301,0.6,344,0.7,356,0.7,356,0.7,401,0.8,394,0.8,397,0.8,442,0.9,428,0.9,503,1.0,556,1.1,541,1.1,572,1.1,630,1.2,626,1.2,643,1.3,666,1.3,700,1.4,795,1.5,818,1.6,847,1.7,863,1.7,964,1.9,968,1.9
유방의 악성신생물 (C50),414,1.0,425,1.1,438,1.1,508,1.2,478,1.1,520,1.2,589,1.4,603,1.4,639,1.5,760,1.7,858,1.9,850,1.9,934,2.0,1013,2.2,1001,2.2,1015,2.2,1149,2.4,1183,2.5,1226,2.6,1374,2.9,1439,3.0,1515,3.1,1605,3.3,1630,3.3,1688,3.4,1731,3.5,1892,3.8,1868,3.7,2018,4.0,2013,4.0,2244,4.4,2271,4.5,2354,4.6,2472,4.8,2517,4.9,2473,4.8,2643,5.1,2745,5.3,2744,5.3,2878,5.6,2849,5.6,2970,5.8
자궁경부의 악성신생물 (C53),129,0.3,147,0.4,177,0.4,189,0.5,222,0.5,265,0.6,359,0.8,343,0.8,360,0.8,439,1.0,425,0.9,560,1.2,554,1.2,668,1.5,687,1.5,615,1.3,694,1.5,731,1.5,814,1.7,1016,2.1,1117,2.3,1085,2.2,1074,2.2,1010,2.1,990,2.0,954,1.9,950,1.9,956,1.9,989,2.0,889,1.8,892,1.8,960,1.9,967,1.9,897,1.8,868,1.7,845,1.6,898,1.7,810,1.6,853,1.7,785,1.5,831,1.6,847,1.7
기타 및 상세불명 자궁부분의 악성신생물 (C54-C55),1292,3.2,1241,3.1,1160,2.8,1138,2.8,1054,2.5,1052,2.5,1071,2.5,989,2.3,911,2.1,984,2.2,956,2.1,941,2.1,887,1.9,755,1.6,747,1.6,724,1.5,637,1.4,591,1.2,556,1.2,372,0.8,291,0.6,248,0.5,281,0.6,241,0.5,256,0.5,307,0.6,308,0.6,316,0.6,305,0.6,330,0.7,340,0.7,340,0.7,407,0.8,403,0.8,411,0.8,423,0.8,443,0.9,474,0.9,511,1.0,519,1.0,580,1.1,632,1.2
난소의 악성신생물 (C56),39,0.1,65,0.2,96,0.2,98,0.2,128,0.3,106,0.3,141,0.3,207,0.5,235,0.5,279,0.6,320,0.7,329,0.7,371,0.8,377,0.8,420,0.9,451,1.0,456,1.0,568,1.2,628,1.3,630,1.3,609,1.3,669,1.4,757,1.6,718,1.5,832,1.7,834,1.7,854,1.7,895,1.8,901,1.8,910,1.8,1038,2.1,1021,2.0,1055,2.1,1204,2.4,1149,2.2,1243,2.4,1234,2.4,1369,2.7,1376,2.7,1349,2.6,1379,2.7,1465,2.9
나머지 여성 생식기관의 악성신생물 (Re. C51- C58),34,0.1,32,0.1,33,0.1,35,0.1,24,0.1,21,0.0,35,0.1,31,0.1,13,0.0,21,0.0,22,0.0,13,0.0,19,0.0,39,0.1,25,0.1,34,0.1,29,0.1,41,0.1,37,0.1,67,0.1,61,0.1,71,0.1,59,0.1,72,0.1,59,0.1,74,0.1,64,0.1,81,0.2,78,0.2,76,0.2,72,0.1,100,0.2,79,0.2,92,0.2,119,0.2,140,0.3,136,0.3,110,0.2,122,0.2,129,0.3,150,0.3,152,0.3
전립선의 악성신생물 (C61),29,0.1,36,0.1,39,0.1,57,0.1,56,0.1,85,0.2,64,0.2,117,0.3,103,0.2,154,0.4,169,0.4,193,0.4,267,0.6,309,0.7,345,0.7,371,0.8,427,0.9,548,1.2,640,1.3,744,1.5,788,1.6,922,1.9,904,1.9,1006,2.1,1110,2.3,1168,2.4,1235,2.5,1328,2.7,1403,2.8,1460,2.9,1629,3.2,1667,3.3,1700,3.3,1745,3.4,1821,3.6,1995,3.9,2047,4.0,2194,4.3,2360,4.6,2383,4.6,2594,5.1,2839,5.6
나머지 남성 생식기관의 악성신생물 (Re. C60- C63),8,0.0,14,0.0,14,0.0,10,0.0,18,0.0,9,0.0,18,0.0,12,0.0,13,0.0,12,0.0,28,0.1,23,0.1,16,0.0,21,0.0,25,0.1,17,0.0,26,0.1,38,0.1,39,0.1,47,0.1,46,0.1,34,0.1,34,0.1,31,0.1,46,0.1,36,0.1,50,0.1,20,0.0,42,0.1,31,0.1,43,0.1,34,0.1,31,0.1,35,0.1,38,0.1,38,0.1,43,0.1,42,0.1,36,0.1,38,0.1,36,0.1,46,0.1
콩팥깔때기를 제외한 콩팥(신장)의 악성신생물 (C64),76,0.2,65,0.2,115,0.3,113,0.3,136,0.3,154,0.4,145,0.3,221,0.5,216,0.5,254,0.6,270,0.6,326,0.7,362,0.8,373,0.8,411,0.9,419,0.9,496,1.1,517,1.1,515,1.1,571,1.2,639,1.3,599,1.2,661,1.4,679,1.4,716,1.5,655,1.3,743,1.5,797,1.6,834,1.7,917,1.8,937,1.9,944,1.9,952,1.9,1032,2.0,1000,2.0,989,1.9,983,1.9,1076,2.1,1029,2.0,1025,2.0,1089,2.1,1188,2.3
방광의 악성신생물 (C67),156,0.4,177,0.4,226,0.6,251,0.6,240,0.6,279,0.7,288,0.7,340,0.8,357,0.8,432,1.0,454,1.0,491,1.1,525,1.2,580,1.3,537,1.2,555,1.2,604,1.3,778,1.6,801,1.7,936,1.9,952,2.0,869,1.8,910,1.9,924,1.9,952,1.9,1007,2.0,965,1.9,1100,2.2,1169,2.3,1221,2.4,1280,2.5,1354,2.7,1299,2.5,1389,2.7,1438,2.8,1400,2.7,1550,3.0,1593,3.1,1534,3.0,1602,3.1,1711,3.3,1899,3.7
나머지 요로의 악성신생물 (Re. C64- C68),17,0.0,16,0.0,16,0.0,16,0.0,12,0.0,20,0.0,24,0.1,26,0.1,40,0.1,32,0.1,45,0.1,50,0.1,52,0.1,72,0.2,81,0.2,85,0.2,61,0.1,95,0.2,95,0.2,168,0.3,169,0.3,174,0.4,157,0.3,204,0.4,231,0.5,312,0.6,259,0.5,301,0.6,323,0.6,358,0.7,389,0.8,424,0.8,445,0.9,478,0.9,527,1.0,577,1.1,608,1.2,645,1.3,680,1.3,747,1.5,789,1.5,867,1.7
뇌의 악성신생물 (C71),214,0.5,221,0.5,219,0.5,270,0.7,342,0.8,903,2.1,955,2.2,478,1.1,564,1.3,922,2.1,1205,2.7,975,2.2,920,2.0,744,1.6,803,1.7,851,1.8,852,1.8,963,2.0,927,1.9,1075,2.2,1094,2.3,1067,2.2,1108,2.3,1061,2.2,1098,2.2,981,2.0,1004,2.0,1136,2.3,1165,2.3,1133,2.3,1133,2.2,1213,2.4,1211,2.4,1265,2.5,1255,2.4,1291,2.5,1356,2.6,1381,2.7,1346,2.6,1406,2.7,1490,2.9,1508,3.0
"나머지 눈, 뇌 및 중추신경계통의 기타부위의 악성신생물 (Re. C69- C72)",41,0.1,33,0.1,37,0.1,37,0.1,41,0.1,35,0.1,21,0.0,28,0.1,51,0.1,31,0.1,52,0.1,53,0.1,43,0.1,66,0.1,65,0.1,49,0.1,46,0.1,37,0.1,49,0.1,115,0.2,76,0.2,73,0.2,76,0.2,84,0.2,79,0.2,70,0.1,75,0.2,59,0.1,62,0.1,73,0.1,83,0.2,85,0.2,78,0.2,80,0.2,87,0.2,78,0.2,81,0.2,77,0.1,75,0.1,90,0.2,73,0.1,96,0.2
갑상선의 악성신생물 (C73),40,0.1,41,0.1,45,0.1,64,0.2,50,0.1,67,0.2,98,0.2,72,0.2,74,0.2,121,0.3,160,0.4,157,0.3,156,0.3,169,0.4,185,0.4,196,0.4,204,0.4,269,0.6,247,0.5,326,0.7,331,0.7,344,0.7,331,0.7,334,0.7,382,0.8,347,0.7,352,0.7,356,0.7,389,0.8,373,0.7,393,0.8,346,0.7,341,0.7,346,0.7,369,0.7,372,0.7,373,0.7,365,0.7,395,0.8,404,0.8,408,0.8,408,0.8
기타 내분비선의 악성신생물 (C74-C75),23,0.1,21,0.1,32,0.1,31,0.1,32,0.1,34,0.1,36,0.1,39,0.1,55,0.1,93,0.2,122,0.3,113,0.2,83,0.2,77,0.2,73,0.2,50,0.1,77,0.2,90,0.2,82,0.2,116,0.2,105,0.2,73,0.2,95,0.2,92,0.2,97,0.2,84,0.2,91,0.2,86,0.2,75,0.1,83,0.2,79,0.2,98,0.2,77,0.2,91,0.2,76,0.1,76,0.1,94,0.2,77,0.1,69,0.1,82,0.2,95,0.2,97,0.2
불명확한 속발성 및 상세불명 부위의 악성신생물 (C76-C80),948,2.4,964,2.4,1053,2.6,1001,2.4,1145,2.8,1986,4.7,1643,3.9,2351,5.5,1126,2.6,1003,2.3,864,1.9,904,2.0,934,2.0,877,1.9,1069,2.3,1531,3.3,1316,2.8,773,1.6,778,1.6,1058,2.2,905,1.9,971,2.0,842,1.7,818,1.7,977,2.0,1007,2.0,914,1.8,950,1.9,1060,2.1,953,1.9,1088,2.2,1073,2.1,1035,2.0,1098,2.1,1235,2.4,1210,2.4,1122,2.2,1020,2.0,1133,2.2,1127,2.2,979,1.9,1193,2.3
비호지킨 림프종 (C82-C86),214,0.5,238,0.6,279,0.7,299,0.7,195,0.5,8,0.0,15,0.0,234,0.5,436,1.0,525,1.2,559,1.2,738,1.6,735,1.6,747,1.6,720,1.5,504,1.1,828,1.8,873,1.8,795,1.7,966,2.0,991,2.1,1219,2.5,1217,2.5,1192,2.4,1269,2.6,1299,2.6,1302,2.6,1430,2.9,1407,2.8,1525,3.0,1609,3.2,1594,3.1,1746,3.4,1778,3.5,1879,3.7,2033,4.0,2015,3.9,2069,4.0,2067,4.0,2262,4.4,2310,4.5,2343,4.6
다발성 골수종 및 악성 형질세포 신생물 (C90),10,0.0,21,0.1,24,0.1,36,0.1,37,0.1,38,0.1,34,0.1,64,0.1,69,0.2,74,0.2,92,0.2,103,0.2,167,0.4,186,0.4,186,0.4,250,0.5,263,0.6,288,0.6,329,0.7,443,0.9,463,1.0,491,1.0,526,1.1,544,1.1,616,1.3,615,1.2,701,1.4,763,1.5,661,1.3,823,1.6,804,1.6,864,1.7,889,1.7,1010,2.0,964,1.9,953,1.9,961,1.9,976,1.9,1044,2.0,1061,2.1,1146,2.2,1192,2.3
백혈병 (C91-C95),917,2.3,955,2.4,1104,2.7,1089,2.6,1044,2.5,1059,2.5,1143,2.7,1140,2.7,1223,2.8,1336,3.1,1426,3.2,1398,3.1,1346,2.9,1362,3.0,1381,3.0,1232,2.6,1379,2.9,1373,2.9,1460,3.0,1452,3.0,1460,3.0,1482,3.1,1444,3.0,1415,2.9,1455,3.0,1507,3.1,1543,3.1,1619,3.2,1557,3.1,1666,3.3,1593,3.2,1671,3.3,1720,3.4,1842,3.6,1834,3.6,1848,3.6,1911,3.7,1825,3.6,2038,4.0,2034,4.0,2162,4.2,2176,4.3
"나머지 림프, 조혈 및 관련 조직의 악성신생물 (Re. C81- C96)",128,0.3,184,0.5,214,0.5,265,0.6,265,0.6,252,0.6,305,0.7,347,0.8,275,0.6,333,0.8,326,0.7,354,0.8,378,0.8,320,0.7,288,0.6,261,0.6,210,0.4,247,0.5,218,0.5,99,0.2,117,0.2,108,0.2,83,0.2,85,0.2,74,0.2,94,0.2,93,0.2,81,0.2,95,0.2,142,0.3,124,0.2,124,0.2,87,0.2,118,0.2,124,0.2,143,0.3,120,0.2,140,0.3,138,0.3,157,0.3,175,0.3,175,0.3
독립된(원발성) 다발성 부위의 악성신생물 (C97),0,-,0,-,0,-,0,-,0,-,0,-,0,-,0,-,0,-,0,-,1,0.0,2,0.0,340,0.7,315,0.7,228,0.5,114,0.2,182,0.4,247,0.5,203,0.4,207,0.4,239,0.5,307,0.6,216,0.4,243,0.5,463,0.9,669,1.4,584,1.2,754,1.5,0,-,0,-,0,-,0,-,0,-,0,-,0,-,0,-,0,-,0,-,0,-,0,-,0,-,0,-
뇌 및 중추신경계통의 행동양식 불명 또는 미상의 신생물 (D43),318,0.8,370,0.9,520,1.3,540,1.3,504,1.2,15,0.0,11,0.0,15,0.0,579,1.3,332,0.8,81,0.2,360,0.8,395,0.9,525,1.1,547,1.2,401,0.9,489,1.0,446,0.9,443,0.9,160,0.3,186,0.4,236,0.5,196,0.4,203,0.4,163,0.3,180,0.4,185,0.4,159,0.3,181,0.4,186,0.4,167,0.3,161,0.3,192,0.4,213,0.4,196,0.4,170,0.3,145,0.3,144,0.3,163,0.3,177,0.3,178,0.3,173,0.3
"나머지 상피내,양성,행동양식 불명 또는 미상의 신생물 (Re. D00- D48)",279,0.7,265,0.7,354,0.9,422,1.0,369,0.9,16,0.0,9,0.0,83,0.2,520,1.2,230,0.5,84,0.2,128,0.3,217,0.5,303,0.7,372,0.8,325,0.7,430,0.9,534,1.1,526,1.1,447,0.9,448,0.9,538,1.1,548,1.1,655,1.3,618,1.3,762,1.5,813,1.6,940,1.9,890,1.8,1045,2.1,1120,2.2,1130,2.2,1234,2.4,1322,2.6,1261,2.5,1424,2.8,1496,2.9,1428,2.8,1512,2.9,1520,3.0,1663,3.3,1865,3.7
"무형성 빈혈 (D60,D61)",68,0.2,80,0.2,96,0.2,84,0.2,77,0.2,79,0.2,95,0.2,132,0.3,99,0.2,122,0.3,158,0.4,155,0.3,163,0.4,157,0.3,172,0.4,167,0.4,178,0.4,162,0.3,179,0.4,168,0.3,166,0.3,138,0.3,169,0.3,179,0.4,203,0.4,151,0.3,144,0.3,187,0.4,162,0.3,204,0.4,193,0.4,198,0.4,196,0.4,180,0.4,179,0.3,196,0.4,185,0.4,182,0.4,177,0.3,220,0.4,195,0.4,209,0.4
"기타 빈혈 (D50-D59, D62-D64)",158,0.4,122,0.3,121,0.3,127,0.3,126,0.3,96,0.2,136,0.3,118,0.3,131,0.3,137,0.3,114,0.3,175,0.4,115,0.3,114,0.2,95,0.2,172,0.4,150,0.3,170,0.4,115,0.2,150,0.3,117,0.2,123,0.3,109,0.2,110,0.2,131,0.3,153,0.3,198,0.4,187,0.4,186,0.4,203,0.4,238,0.5,216,0.4,258,0.5,285,0.6,320,0.6,371,0.7,328,0.6,390,0.8,358,0.7,337,0.7,355,0.7,395,0.8
나머지 혈액 및 조혈기관의 질환과 면역기전의 특정 장애 (Re. D50- D89),82,0.2,98,0.2,83,0.2,85,0.2,56,0.1,83,0.2,92,0.2,85,0.2,86,0.2,101,0.2,109,0.2,94,0.2,138,0.3,128,0.3,119,0.3,166,0.4,152,0.3,152,0.3,164,0.3,139,0.3,141,0.3,185,0.4,165,0.3,174,0.4,175,0.4,179,0.4,229,0.5,241,0.5,224,0.4,219,0.4,259,0.5,223,0.4,270,0.5,238,0.5,278,0.5,306,0.6,320,0.6,308,0.6,313,0.6,325,0.6,312,0.6,308,0.6
갑상선의 장애 (E00-E07),37,0.1,50,0.1,49,0.1,56,0.1,54,0.1,43,0.1,51,0.1,86,0.2,98,0.2,85,0.2,88,0.2,81,0.2,96,0.2,108,0.2,97,0.2,82,0.2,91,0.2,104,0.2,117,0.2,138,0.3,108,0.2,106,0.2,81,0.2,93,0.2,87,0.2,80,0.2,73,0.1,78,0.2,90,0.2,96,0.2,61,0.1,72,0.1,71,0.1,73,0.1,71,0.1,81,0.2,86,0.2,115,0.2,80,0.2,100,0.2,97,0.2,96,0.2
당뇨병 (E10-E14),1807,4.5,2230,5.5,2509,6.1,2689,6.5,2760,6.6,2657,6.3,3373,7.9,4241,9.9,4640,10.7,5440,12.4,7001,15.6,7476,16.5,7873,17.3,8061,17.5,8804,18.9,9910,21.2,10354,22.0,10808,22.7,11466,23.9,12150,25.2,12164,25.2,11820,24.4,11850,24.3,11644,23.8,11327,23.1,10234,20.7,9757,19.6,10349,20.7,10775,21.5,11557,23.0,10888,21.5,10526,20.7,10558,20.7,9807,19.2,9184,17.9,8790,17.1,8102,15.8,8456,16.5,8961,17.5,11178,21.8,11058,21.6,11064,21.7
영양실조 및 기타 영양결핍증 (E40-E64),419,1.0,379,0.9,333,0.8,337,0.8,278,0.7,178,0.4,229,0.5,369,0.9,256,0.6,171,0.4,170,0.4,169,0.4,265,0.6,206,0.4,219,0.5,446,1.0,319,0.7,370,0.8,298,0.6,173,0.4,173,0.4,126,0.3,144,0.3,107,0.2,111,0.2,145,0.3,128,0.3,125,0.3,148,0.3,145,0.3,152,0.3,189,0.4,210,0.4,250,0.5,248,0.5,279,0.5,231,0.4,345,0.7,244,0.5,300,0.6,295,0.6,243,0.5
대사 장애 (E70-E88),143,0.4,136,0.3,124,0.3,173,0.4,176,0.4,157,0.4,204,0.5,205,0.5,206,0.5,238,0.5,274,0.6,282,0.6,226,0.5,204,0.4,223,0.5,405,0.9,294,0.6,433,0.9,332,0.7,312,0.6,277,0.6,269,0.6,277,0.6,322,0.7,357,0.7,441,0.9,448,0.9,466,0.9,550,1.1,598,1.2,610,1.2,687,1.4,675,1.3,768,1.5,890,1.7,1010,2.0,900,1.8,973,1.9,1087,2.1,1107,2.2,1074,2.1,986,1.9
"나머지 내분비, 영양 및 대사질환 (Re. E00- E88)",26,0.1,26,0.1,27,0.1,19,0.0,33,0.1,24,0.1,33,0.1,44,0.1,44,0.1,48,0.1,50,0.1,59,0.1,98,0.2,90,0.2,100,0.2,112,0.2,146,0.3,158,0.3,153,0.3,175,0.4,132,0.3,156,0.3,132,0.3,147,0.3,139,0.3,153,0.3,156,0.3,128,0.3,152,0.3,147,0.3,133,0.3,137,0.3,145,0.3,165,0.3,139,0.3,165,0.3,183,0.4,163,0.3,152,0.3,180,0.4,168,0.3,163,0.3
"치매 (F01,F03)",41,0.1,51,0.1,74,0.2,56,0.1,60,0.1,42,0.1,75,0.2,158,0.4,341,0.8,942,2.2,1189,2.7,2086,4.6,3368,7.4,3962,8.6,4548,9.8,4761,10.2,4604,9.8,4326,9.1,4708,9.8,4147,8.6,3246,6.7,3466,7.1,3216,6.6,3084,6.3,3037,6.2,4339,8.8,3983,8.0,4006,8.0,4229,8.4,4679,9.3,4300,8.5,4188,8.3,4426,8.7,4341,8.5,4272,8.3,3582,7.0,3613,7.0,3109,6.1,2358,4.6,2512,4.9,3142,6.1,2755,5.4
기타 기질성 정신장애 (F04-F09),15,0.0,33,0.1,15,0.0,4,0.0,25,0.1,69,0.2,50,0.1,130,0.3,19,0.0,2,0.0,6,0.0,179,0.4,25,0.1,34,0.1,20,0.0,18,0.0,8,0.0,19,0.0,18,0.0,16,0.0,11,0.0,13,0.0,14,0.0,47,0.1,58,0.1,51,0.1,50,0.1,29,0.1,38,0.1,26,0.1,26,0.1,27,0.1,26,0.1,15,0.0,24,0.0,26,0.1,24,0.0,22,0.0,20,0.0,23,0.0,10,0.0,13,0.0
알코올 사용에 의한 정신 및 행동장애 (F10),389,1.0,463,1.1,555,1.4,585,1.4,575,1.4,92,0.2,135,0.3,246,0.6,968,2.2,1073,2.5,1275,2.8,1630,3.6,1220,2.7,1211,2.6,1230,2.6,1431,3.1,1419,3.0,1250,2.6,1227,2.6,1064,2.2,998,2.1,1019,2.1,1048,2.2,1057,2.2,879,1.8,852,1.7,749,1.5,766,1.5,721,1.4,719,1.4,728,1.4,747,1.5,783,1.5,846,1.7,984,1.9,940,1.8,916,1.8,1089,2.1,962,1.9,1011,2.0,861,1.7,926,1.8
알코올이외의 정신활성 물질의 사용에 의한 정신 및 행동장애 (F11-F19),41,0.1,65,0.2,37,0.1,2,0.0,0,-,0,-,7,0.0,5,0.0,1,0.0,1,0.0,1,0.0,1,0.0,2,0.0,0,-,3,0.0,0,-,2,0.0,0,-,2,0.0,1,0.0,2,0.0,1,0.0,0,-,1,0.0,2,0.0,0,-,1,0.0,1,0.0,0,-,0,-,1,0.0,4,0.0,4,0.0,1,0.0,3,0.0,2,0.0,0,-,3,0.0,2,0.0,0,-,0,-,0,-
정신분열병 (F20),162,0.4,185,0.5,189,0.5,188,0.5,124,0.3,43,0.1,66,0.2,123,0.3,251,0.6,181,0.4,194,0.4,251,0.6,160,0.4,168,0.4,118,0.3,85,0.2,91,0.2,180,0.4,125,0.3,188,0.4,159,0.3,176,0.4,138,0.3,126,0.3,135,0.3,118,0.2,73,0.1,71,0.1,97,0.2,91,0.2,76,0.2,64,0.1,65,0.1,60,0.1,42,0.1,41,0.1,65,0.1,62,0.1,73,0.1,81,0.2,86,0.2,97,0.2
기분[정동]장애 (F30-F39),3,0.0,2,0.0,6,0.0,6,0.0,6,0.0,4,0.0,11,0.0,9,0.0,19,0.0,20,0.0,25,0.1,56,0.1,56,0.1,44,0.1,48,0.1,30,0.1,51,0.1,90,0.2,57,0.1,52,0.1,27,0.1,33,0.1,32,0.1,33,0.1,46,0.1,35,0.1,30,0.1,37,0.1,25,0.0,19,0.0,24,0.0,24,0.0,19,0.0,13,0.0,19,0.0,12,0.0,13,0.0,28,0.1,19,0.0,28,0.1,38,0.1,23,0.0
나머지 정신 및 행동장애 (Re. F01- F99),666,1.7,626,1.5,508,1.2,552,1.3,470,1.1,439,1.0,350,0.8,515,1.2,348,0.8,377,0.9,398,0.9,437,1.0,423,0.9,637,1.4,631,1.4,1026,2.2,635,1.3,632,1.3,315,0.7,145,0.3,159,0.3,111,0.2,89,0.2,62,0.1,87,0.2,54,0.1,67,0.1,37,0.1,31,0.1,40,0.1,35,0.1,42,0.1,26,0.1,23,0.0,30,0.1,18,0.0,41,0.1,35,0.1,67,0.1,42,0.1,44,0.1,58,0.1
"수막염, 뇌염, 척수염 및 뇌척수염 (G00, G03, G04)",1216,3.0,876,2.2,736,1.8,616,1.5,586,1.4,461,1.1,409,1.0,426,1.0,353,0.8,307,0.7,334,0.7,346,0.8,269,0.6,235,0.5,283,0.6,249,0.5,246,0.5,279,0.6,254,0.5,221,0.5,162,0.3,171,0.4,162,0.3,170,0.3,175,0.4,192,0.4,161,0.3,163,0.3,155,0.3,161,0.3,193,0.4,159,0.3,158,0.3,209,0.4,155,0.3,182,0.4,163,0.3,143,0.3,159,0.3,193,0.4,209,0.4,204,0.4
나머지 중추신경계통의 염증성 질환 (RE.G00- G09),28,0.1,20,0.0,14,0.0,15,0.0,13,0.0,11,0.0,15,0.0,19,0.0,18,0.0,9,0.0,12,0.0,13,0.0,19,0.0,20,0.0,25,0.1,14,0.0,19,0.0,26,0.1,18,0.0,26,0.1,28,0.1,32,0.1,39,0.1,50,0.1,63,0.1,49,0.1,54,0.1,66,0.1,55,0.1,48,0.1,72,0.1,66,0.1,61,0.1,60,0.1,49,0.1,61,0.1,67,0.1,70,0.1,59,0.1,73,0.1,70,0.1,74,0.1
파킨슨병 (G20-G21),18,0.0,23,0.1,25,0.1,38,0.1,27,0.1,42,0.1,45,0.1,80,0.2,97,0.2,118,0.3,414,0.9,204,0.5,177,0.4,223,0.5,283,0.6,309,0.7,383,0.8,569,1.2,727,1.5,983,2.0,935,1.9,1093,2.3,1196,2.5,1289,2.6,1349,2.7,1576,3.2,1582,3.2,1934,3.9,2190,4.4,2588,5.1,3209,6.3,3370,6.6,3445,6.8,3628,7.1,3755,7.3,3991,7.8,3534,6.9,3623,7.1,3951,7.7,4820,9.4,4694,9.2,5093,10.0
다발 경화증 (G35),9,0.0,14,0.0,7,0.0,15,0.0,8,0.0,0,-,1,0.0,8,0.0,9,0.0,6,0.0,8,0.0,16,0.0,15,0.0,10,0.0,9,0.0,10,0.0,18,0.0,24,0.1,19,0.0,26,0.1,20,0.0,23,0.0,35,0.1,25,0.1,26,0.1,30,0.1,24,0.0,22,0.0,27,0.1,19,0.0,24,0.0,21,0.0,15,0.0,15,0.0,11,0.0,16,0.0,10,0.0,17,0.0,9,0.0,17,0.0,10,0.0,17,0.0
간질 (G40-G41),517,1.3,435,1.1,474,1.2,472,1.1,432,1.0,390,0.9,446,1.1,442,1.0,497,1.1,523,1.2,539,1.2,525,1.2,505,1.1,464,1.0,471,1.0,433,0.9,409,0.9,441,0.9,493,1.0,653,1.4,547,1.1,545,1.1,497,1.0,472,1.0,510,1.0,396,0.8,417,0.8,401,0.8,352,0.7,441,0.9,430,0.9,426,0.8,436,0.9,422,0.8,463,0.9,515,1.0,471,0.9,449,0.9,481,0.9,620,1.2,586,1.1,632,1.2
유아성 뇌성마비 (G80),323,0.8,374,0.9,372,0.9,400,1.0,369,0.9,278,0.7,280,0.7,360,0.8,275,0.6,327,0.7,407,0.9,395,0.9,345,0.8,317,0.7,318,0.7,259,0.6,237,0.5,196,0.4,216,0.5,235,0.5,157,0.3,165,0.3,167,0.3,151,0.3,149,0.3,159,0.3,148,0.3,116,0.2,113,0.2,106,0.2,116,0.2,120,0.2,112,0.2,126,0.2,113,0.2,118,0.2,106,0.2,95,0.2,75,0.1,123,0.2,114,0.2,105,0.2
기타 마비성 증후군 (G81-G83),180,0.5,180,0.4,187,0.5,201,0.5,221,0.5,397,0.9,293,0.7,285,0.7,557,1.3,508,1.2,482,1.1,300,0.7,219,0.5,222,0.5,197,0.4,168,0.4,136,0.3,156,0.3,98,0.2,55,0.1,56,0.1,58,0.1,50,0.1,45,0.1,65,0.1,65,0.1,66,0.1,73,0.1,83,0.2,68,0.1,82,0.2,81,0.2,93,0.2,79,0.2,63,0.1,62,0.1,87,0.2,72,0.1,83,0.2,106,0.2,92,0.2,106,0.2
나머지 신경계통의 질환 (Re. G00- G98),776,1.9,704,1.7,608,1.5,551,1.3,468,1.1,412,1.0,526,1.2,552,1.3,650,1.5,612,1.4,759,1.7,586,1.3,723,1.6,676,1.5,814,1.8,1081,2.3,777,1.6,1188,2.5,1252,2.6,1848,3.8,2080,4.3,2072,4.3,2001,4.1,2221,4.5,2852,5.8,2990,6.1,3071,6.2,3277,6.6,3665,7.3,4707,9.3,5688,11.3,5724,11.3,6413,12.6,6302,12.3,6588,12.9,7873,15.3,8465,16.5,9321,18.2,10014,19.5,13902,27.1,13224,25.9,14532,28.5
눈 및 눈부속기의 질환 (H00-H57),16,0.0,16,0.0,8,0.0,5,0.0,11,0.0,4,0.0,13,0.0,5,0.0,21,0.0,24,0.1,36,0.1,38,0.1,18,0.0,17,0.0,13,0.0,31,0.1,24,0.1,9,0.0,8,0.0,2,0.0,1,0.0,0,-,0,-,0,-,4,0.0,1,0.0,1,0.0,3,0.0,4,0.0,1,0.0,1,0.0,0,-,0,-,1,0.0,0,-,5,0.0,1,0.0,1,0.0,2,0.0,0,-,0,-,3,0.0
급성류마티스열 및 만성 류마티스 심장질환 (I00-I09),166,0.4,212,0.5,194,0.5,207,0.5,146,0.4,124,0.3,111,0.3,144,0.3,171,0.4,187,0.4,176,0.4,164,0.4,205,0.4,102,0.2,94,0.2,83,0.2,107,0.2,164,0.3,163,0.3,287,0.6,329,0.7,290,0.6,290,0.6,271,0.6,249,0.5,230,0.5,178,0.4,199,0.4,194,0.4,228,0.5,176,0.3,159,0.3,166,0.3,165,0.3,205,0.4,159,0.3,202,0.4,174,0.3,163,0.3,185,0.4,217,0.4,200,0.4
고혈압성 심장병 (I11),562,1.4,576,1.4,606,1.5,562,1.4,544,1.3,421,1.0,343,0.8,629,1.5,316,0.7,943,2.2,1446,3.2,1189,2.6,694,1.5,727,1.6,736,1.6,1002,2.1,1080,2.3,1601,3.4,2660,5.6,3248,6.7,3155,6.5,2790,5.8,2187,4.5,2202,4.5,2570,5.2,1999,4.0,1722,3.5,1813,3.6,1955,3.9,2116,4.2,1850,3.7,2161,4.3,2260,4.4,2420,4.7,2455,4.8,2465,4.8,2517,4.9,2614,5.1,2452,4.8,3066,6.0,3290,6.4,3317,6.5
고혈압성 콩팥(신장)병 (I12),124,0.3,119,0.3,204,0.5,104,0.3,112,0.3,76,0.2,59,0.1,100,0.2,82,0.2,137,0.3,178,0.4,167,0.4,129,0.3,114,0.2,110,0.2,106,0.2,163,0.3,188,0.4,271,0.6,307,0.6,451,0.9,530,1.1,529,1.1,530,1.1,578,1.2,518,1.0,527,1.1,521,1.0,570,1.1,563,1.1,460,0.9,477,0.9,450,0.9,494,1.0,485,0.9,497,1.0,522,1.0,606,1.2,584,1.1,588,1.1,682,1.3,713,1.4
"기타 고혈압성 질환 (I10, I13)",18188,45.6,18185,45.0,16776,41.1,15885,38.5,15320,36.8,13741,32.7,12937,30.5,11995,28.0,10731,24.8,9927,22.7,9839,22.0,10023,22.2,7568,16.6,5585,12.1,3679,7.9,2851,6.1,2351,5.0,2463,5.2,1967,4.1,1595,3.3,1579,3.3,1729,3.6,1837,3.8,1913,3.9,2289,4.7,2207,4.5,2500,5.0,2459,4.9,2513,5.0,2560,5.1,2422,4.8,2423,4.8,2340,4.6,2502,4.9,2835,5.5,3103,6.0,2592,5.0,2880,5.6,3187,6.2,4063,7.9,4016,7.9,4199,8.2
급성 심근경색증 (I21),646,1.6,964,2.4,1167,2.9,1259,3.1,1860,4.5,2038,4.8,2799,6.6,3115,7.3,3566,8.2,4209,9.6,4277,9.6,4492,9.9,4883,10.7,4858,10.5,5391,11.6,6546,14.0,7401,15.7,8201,17.3,8121,17.0,8911,18.5,8579,17.8,9361,19.3,10237,21.0,10654,21.8,10688,21.8,9545,19.3,9422,19.0,9443,18.9,9300,18.6,9853,19.6,9547,18.9,10187,20.1,10439,20.5,10171,19.9,9594,18.7,9819,19.1,9677,18.8,9927,19.3,9693,18.9,10215,19.9,9609,18.8,9363,18.3
만성 허혈성 심장병 (I25),26,0.1,74,0.2,83,0.2,114,0.3,173,0.4,247,0.6,272,0.6,372,0.9,470,1.1,447,1.0,723,1.6,552,1.2,549,1.2,673,1.5,651,1.4,662,1.4,833,1.8,1064,2.2,1136,2.4,1625,3.4,1921,4.0,2082,4.3,2111,4.3,2337,4.8,2526,5.1,2171,4.4,2436,4.9,2811,5.6,3084,6.2,3353,6.7,2827,5.6,2867,5.6,3161,6.2,3371,6.6,3514,6.9,3581,7.0,2734,5.3,2985,5.8,3238,6.3,3103,6.1,3047,6.0,3414,6.7
나머지 허혈성 심장질환 (Re. I20- I25),249,0.6,114,0.3,167,0.4,150,0.4,132,0.3,136,0.3,169,0.4,196,0.5,272,0.6,331,0.8,656,1.5,460,1.0,520,1.1,487,1.1,380,0.8,451,1.0,522,1.1,978,2.1,1281,2.7,1614,3.4,1405,2.9,1349,2.8,1103,2.3,1332,2.7,1353,2.8,984,2.0,1035,2.1,1082,2.2,1209,2.4,1364,2.7,1200,2.4,1130,2.2,1124,2.2,1112,2.2,1149,2.2,1100,2.1,1288,2.5,1144,2.2,1184,2.3,1421,2.8,1372,2.7,1485,2.9
폐성 심장병 및 폐순환의 질환 (I26-I28),61,0.2,80,0.2,80,0.2,74,0.2,98,0.2,92,0.2,121,0.3,87,0.2,161,0.4,179,0.4,159,0.4,141,0.3,202,0.4,186,0.4,215,0.5,214,0.5,219,0.5,294,0.6,237,0.5,236,0.5,159,0.3,191,0.4,218,0.4,225,0.5,257,0.5,327,0.7,377,0.8,408,0.8,445,0.9,448,0.9,441,0.9,496,1.0,486,1.0,575,1.1,612,1.2,608,1.2,635,1.2,716,1.4,750,1.5,712,1.4,705,1.4,683,1.3
심내막염 및 심장 판막장애 (I33-I38),770,1.9,851,2.1,907,2.2,635,1.5,570,1.4,478,1.1,517,1.2,627,1.5,662,1.5,670,1.5,748,1.7,757,1.7,739,1.6,740,1.6,692,1.5,667,1.4,696,1.5,768,1.6,671,1.4,616,1.3,503,1.0,447,0.9,440,0.9,492,1.0,562,1.1,579,1.2,575,1.2,640,1.3,684,1.4,710,1.4,706,1.4,745,1.5,848,1.7,830,1.6,897,1.8,919,1.8,940,1.8,950,1.9,1051,2.0,1065,2.1,1124,2.2,1140,2.2
전도장애 및 심장성 부정맥 (I44-I49),13582,34.0,13722,34.0,12779,31.3,12018,29.2,11247,27.0,10648,25.3,9746,23.0,9734,22.7,9871,22.8,7681,17.6,6994,15.6,8432,18.7,3998,8.8,4006,8.7,4004,8.6,3926,8.4,3465,7.3,3252,6.8,2334,4.9,2084,4.3,1958,4.1,2069,4.3,2415,5.0,2279,4.7,2499,5.1,3133,6.3,3613,7.3,3996,8.0,4292,8.6,4918,9.8,5098,10.1,5380,10.6,5905,11.6,6790,13.3,7157,14.0,7360,14.3,7384,14.4,7124,13.9,5249,10.2,5454,10.6,5601,11.0,5681,11.1
심장기능상실(심부전) (I50),301,0.8,506,1.3,563,1.4,516,1.3,774,1.9,843,2.0,660,1.6,731,1.7,1173,2.7,1219,2.8,1320,2.9,987,2.2,3021,6.6,2957,6.4,2940,6.3,3236,6.9,2942,6.2,2205,4.6,1471,3.1,1730,3.6,1629,3.4,1426,2.9,1703,3.5,1841,3.8,2589,5.3,3403,6.9,3447,6.9,3607,7.2,4361,8.7,4224,8.4,4081,8.1,4123,8.1,4587,9.0,5094,10.0,5887,11.5,6755,13.2,6758,13.2,7256,14.1,8177,15.9,9143,17.8,9106,17.8,9505,18.6
"기타 형태의 심장병 (I30-I31, I40,I42, I51)",3365,8.4,3420,8.5,2982,7.3,2701,6.6,2569,6.2,2190,5.2,2085,4.9,2094,4.9,2113,4.9,2543,5.8,3168,7.1,3309,7.3,2954,6.5,2711,5.9,2493,5.4,2502,5.3,2451,5.2,1645,3.5,1173,2.5,1120,2.3,1075,2.2,1040,2.1,1071,2.2,1124,2.3,1169,2.4,1287,2.6,1435,2.9,1415,2.8,1569,3.1,1572,3.1,1465,2.9,1660,3.3,1776,3.5,1792,3.5,2042,4.0,1862,3.6,1614,3.1,2245,4.4,2227,4.3,2602,5.1,2583,5.1,2268,4.4
지주막하 출혈 (I60),111,0.3,77,0.2,63,0.2,71,0.2,107,0.3,89,0.2,158,0.4,667,1.6,680,1.6,710,1.6,628,1.4,514,1.1,1223,2.7,1456,3.2,1497,3.2,1580,3.4,1716,3.6,1738,3.7,1694,3.5,2034,4.2,2142,4.4,2312,4.8,2267,4.7,2084,4.3,1916,3.9,1960,4.0,1944,3.9,2137,4.3,1933,3.9,2045,4.1,1991,3.9,1962,3.9,2009,3.9,1962,3.8,1984,3.9,1864,3.6,1918,3.7,1983,3.9,1984,3.9,1977,3.9,1880,3.7,1965,3.9
"뇌내출혈 및 기타 비외상성 머리내 출혈 (I61,I62)",5438,13.6,5546,13.7,6172,15.1,6300,15.3,6123,14.7,6590,15.7,7072,16.7,6242,14.6,6855,15.8,8259,18.9,9174,20.5,9508,21.0,8645,18.9,8596,18.7,8538,18.4,8698,18.6,9031,19.1,9017,19.0,9147,19.1,8885,18.5,8683,18.0,7635,15.7,6898,14.2,6491,13.3,6185,12.6,5773,11.7,5263,10.6,5366,10.8,5179,10.3,4722,9.4,4719,9.3,5101,10.0,5328,10.5,5064,9.9,5017,9.8,5003,9.8,5024,9.8,5109,9.9,5629,11.0,5701,11.1,5891,11.5,5834,11.4
뇌경색증 (I63),703,1.8,758,1.9,1070,2.6,1172,2.8,1181,2.8,1238,2.9,1533,3.6,1681,3.9,1897,4.4,2495,5.7,2803,6.3,3149,7.0,3767,8.3,4111,8.9,4479,9.6,4488,9.6,4973,10.5,7406,15.6,8044,16.8,10100,21.0,11544,23.9,11866,24.5,10729,22.0,10252,21.0,10758,21.9,9582,19.4,8475,17.1,8164,16.4,7860,15.7,7490,14.9,7558,14.9,7742,15.3,7941,15.6,7453,14.6,7148,14.0,7322,14.3,7103,13.8,7414,14.4,9031,17.6,8893,17.3,9272,18.1,9682,19.0
출혈 또는 경색증으로 명시되지 않은 뇌중풍 (I64),10254,25.7,9736,24.1,10117,24.8,9941,24.1,9570,23.0,9680,23.0,9574,22.6,9808,22.9,8739,20.2,9125,20.9,9450,21.1,10502,23.2,10337,22.7,9788,21.2,11697,25.2,17315,37.0,16237,34.4,13408,28.2,11292,23.6,9196,19.1,7261,15.0,5820,12.0,4265,8.8,4036,8.3,2961,6.0,2568,5.2,2113,4.3,1908,3.8,1653,3.3,1554,3.1,1387,2.7,1334,2.6,1148,2.3,982,1.9,836,1.6,830,1.6,743,1.4,828,1.6,892,1.7,1098,2.1,1084,2.1,977,1.9
기타 뇌혈관 질환 (I67),10317,25.9,10719,26.5,10382,25.4,9391,22.8,8933,21.5,8482,20.2,8076,19.0,8283,19.3,8621,19.9,11251,25.7,12824,28.7,13145,29.1,12053,26.4,10183,22.1,7552,16.2,1505,3.2,837,1.8,947,2.0,921,1.9,800,1.7,714,1.5,544,1.1,486,1.0,437,0.9,483,1.0,443,0.9,447,0.9,428,0.9,421,0.8,439,0.9,504,1.0,493,1.0,577,1.1,380,0.7,355,0.7,468,0.9,486,0.9,404,0.8,503,1.0,629,1.2,502,1.0,518,1.0
뇌혈관 질환의 후유증 (I69),99,0.2,83,0.2,79,0.2,91,0.2,70,0.2,155,0.4,92,0.2,358,0.8,360,0.8,396,0.9,337,0.8,313,0.7,391,0.9,456,1.0,477,1.0,1130,2.4,1804,3.8,2449,5.2,4437,9.3,6331,13.2,6298,13.0,6070,12.5,6770,13.9,6854,14.0,7180,14.6,7606,15.4,7594,15.3,8511,17.1,8358,16.7,9494,18.9,9288,18.4,7854,15.5,7452,14.6,7574,14.8,7405,14.5,7453,14.5,6312,12.3,6122,11.9,4568,8.9,7122,13.9,5565,10.9,5636,11.0
죽상경화증 (I70),506,1.3,508,1.3,510,1.2,510,1.2,720,1.7,658,1.6,681,1.6,821,1.9,943,2.2,1043,2.4,985,2.2,874,1.9,737,1.6,463,1.0,347,0.7,244,0.5,216,0.5,159,0.3,139,0.3,181,0.4,206,0.4,180,0.4,201,0.4,174,0.4,154,0.3,135,0.3,152,0.3,153,0.3,182,0.4,180,0.4,220,0.4,170,0.3,211,0.4,195,0.4,165,0.3,199,0.4,171,0.3,121,0.2,149,0.3,166,0.3,151,0.3,161,0.3
대동맥류 및 박리 (I71),14,0.0,12,0.0,26,0.1,34,0.1,42,0.1,48,0.1,64,0.2,95,0.2,141,0.3,127,0.3,139,0.3,242,0.5,183,0.4,270,0.6,303,0.7,356,0.8,382,0.8,434,0.9,496,1.0,551,1.1,577,1.2,601,1.2,703,1.4,736,1.5,709,1.4,720,1.5,651,1.3,699,1.4,743,1.5,753,1.5,855,1.7,936,1.8,931,1.8,1045,2.0,1043,2.0,1110,2.2,1147,2.2,1106,2.2,1150,2.2,1291,2.5,1270,2.5,1361,2.7
나머지 순환계통 질환 (Re. I00- I99),740,1.9,871,2.2,869,2.1,863,2.1,583,1.4,612,1.5,755,1.8,827,1.9,740,1.7,761,1.7,531,1.2,685,1.5,574,1.3,442,1.0,399,0.9,560,1.2,401,0.9,446,0.9,428,0.9,356,0.7,311,0.6,264,0.5,259,0.5,260,0.5,291,0.6,290,0.6,341,0.7,358,0.7,372,0.7,374,0.7,386,0.8,414,0.8,404,0.8,417,0.8,481,0.9,469,0.9,485,0.9,488,1.0,509,1.0,539,1.1,587,1.1,621,1.2
인플루엔자 (J09-J11),510,1.3,301,0.7,281,0.7,217,0.5,185,0.4,123,0.3,101,0.2,58,0.1,91,0.2,97,0.2,158,0.4,176,0.4,160,0.4,89,0.2,143,0.3,116,0.2,152,0.3,172,0.4,135,0.3,83,0.2,24,0.0,10,0.0,5,0.0,0,-,7,0.0,5,0.0,154,0.3,95,0.2,71,0.1,99,0.2,42,0.1,124,0.2,238,0.5,223,0.4,262,0.5,720,1.4,252,0.5,256,0.5,14,0.0,32,0.1,316,0.6,382,0.7
폐렴 (J12-J18),4431,11.1,3931,9.7,3335,8.2,2742,6.7,2879,6.9,3058,7.3,2806,6.6,2218,5.2,1902,4.4,1830,4.2,2012,4.5,2000,4.4,1923,4.2,1940,4.2,2329,5.0,3095,6.6,3206,6.8,3904,8.2,2920,6.1,2732,5.7,2810,5.8,3506,7.2,4182,8.6,4595,9.4,4612,9.4,5461,11.1,6323,12.7,7431,14.9,8606,17.2,10314,20.5,10809,21.4,12021,23.7,14718,28.9,16476,32.2,19378,37.8,23280,45.4,23168,45.1,22257,43.3,22812,44.4,26710,52.1,29422,57.5,30103,59.0
만성 및 명시되지 않은 기관지염 (J40-J42),1110,2.8,919,2.3,889,2.2,866,2.1,673,1.6,596,1.4,622,1.5,652,1.5,591,1.4,713,1.6,909,2.0,852,1.9,706,1.5,723,1.6,685,1.5,755,1.6,625,1.3,759,1.6,538,1.1,535,1.1,299,0.6,179,0.4,152,0.3,140,0.3,159,0.3,182,0.4,166,0.3,189,0.4,223,0.4,256,0.5,307,0.6,317,0.6,401,0.8,352,0.7,359,0.7,344,0.7,324,0.6,299,0.6,308,0.6,337,0.7,426,0.8,388,0.8
폐기종 (J43),61,0.2,106,0.3,120,0.3,77,0.2,102,0.2,36,0.1,29,0.1,64,0.1,71,0.2,104,0.2,116,0.3,122,0.3,87,0.2,108,0.2,134,0.3,123,0.3,179,0.4,165,0.3,159,0.3,117,0.2,105,0.2,129,0.3,141,0.3,163,0.3,184,0.4,215,0.4,213,0.4,212,0.4,242,0.5,238,0.5,174,0.3,230,0.5,229,0.4,227,0.4,224,0.4,233,0.5,215,0.4,229,0.4,242,0.5,233,0.5,297,0.6,242,0.5
기타 만성 폐쇄성 폐질환 (J44),172,0.4,209,0.5,306,0.7,386,0.9,370,0.9,431,1.0,624,1.5,713,1.7,928,2.1,1053,2.4,1197,2.7,1325,2.9,1660,3.6,1679,3.6,1818,3.9,1657,3.5,2085,4.4,3187,6.7,4020,8.4,5523,11.5,5143,10.6,5181,10.7,4741,9.7,4510,9.2,5008,10.2,4844,9.8,4674,9.4,4790,9.6,4788,9.6,5399,10.7,4879,9.7,5014,9.9,5222,10.2,4840,9.5,4690,9.2,4688,9.1,4397,8.6,3987,7.8,3762,7.3,4212,8.2,4315,8.4,4373,8.6
천식 (J45-J46),2833,7.1,2791,6.9,3044,7.5,2654,6.4,2425,5.8,2124,5.1,2542,6.0,2285,5.3,2617,6.0,3211,7.3,4258,9.5,4466,9.9,4243,9.3,3867,8.4,3569,7.7,3330,7.1,3476,7.4,3751,7.9,4294,9.0,4594,9.5,3537,7.3,2765,5.7,2380,4.9,2114,4.3,2034,4.1,1900,3.8,1659,3.3,1716,3.4,1508,3.0,1718,3.4,1523,3.0,1398,2.8,1465,2.9,1337,2.6,1250,2.4,1117,2.2,1004,2.0,906,1.8,818,1.6,968,1.9,1019,2.0,1017,2.0
기관지 확장증 (J47),65,0.2,64,0.2,66,0.2,58,0.1,54,0.1,43,0.1,55,0.1,90,0.2,118,0.3,104,0.2,131,0.3,127,0.3,121,0.3,104,0.2,128,0.3,106,0.2,121,0.3,140,0.3,146,0.3,164,0.3,157,0.3,161,0.3,175,0.4,181,0.4,176,0.4,197,0.4,202,0.4,185,0.4,198,0.4,220,0.4,191,0.4,212,0.4,221,0.4,236,0.5,227,0.4,226,0.4,236,0.5,247,0.5,227,0.4,255,0.5,242,0.5,328,0.6
진폐증 (J60-J65),105,0.3,66,0.2,134,0.3,144,0.3,135,0.3,125,0.3,188,0.4,250,0.6,300,0.7,277,0.6,315,0.7,330,0.7,390,0.9,354,0.8,330,0.7,316,0.7,338,0.7,327,0.7,340,0.7,366,0.8,370,0.8,390,0.8,381,0.8,415,0.8,381,0.8,387,0.8,349,0.7,363,0.7,392,0.8,320,0.6,337,0.7,357,0.7,406,0.8,369,0.7,405,0.8,412,0.8,356,0.7,400,0.8,357,0.7,402,0.8,420,0.8,417,0.8
고체 및 액체에 의한 폐렴 (J69),39,0.1,48,0.1,37,0.1,36,0.1,50,0.1,127,0.3,139,0.3,133,0.3,117,0.3,150,0.3,148,0.3,208,0.5,193,0.4,230,0.5,322,0.7,430,0.9,437,0.9,464,1.0,483,1.0,472,1.0,386,0.8,466,1.0,615,1.3,646,1.3,629,1.3,856,1.7,1157,2.3,1282,2.6,1379,2.8,1506,3.0,1522,3.0,1685,3.3,1736,3.4,2011,3.9,2281,4.5,2648,5.2,2631,5.1,3382,6.6,3466,6.8,3485,6.8,3263,6.4,3002,5.9
폐부종 (J81),97,0.2,101,0.2,103,0.3,107,0.3,214,0.5,381,0.9,329,0.8,125,0.3,136,0.3,182,0.4,104,0.2,117,0.3,85,0.2,52,0.1,86,0.2,256,0.5,150,0.3,199,0.4,163,0.3,100,0.2,90,0.2,62,0.1,72,0.1,90,0.2,117,0.2,107,0.2,119,0.2,148,0.3,154,0.3,145,0.3,125,0.2,125,0.2,157,0.3,135,0.3,194,0.4,225,0.4,206,0.4,287,0.6,261,0.5,283,0.6,278,0.5,274,0.5
농흉 (J86),345,0.9,273,0.7,225,0.6,188,0.5,176,0.4,210,0.5,197,0.5,190,0.4,161,0.4,207,0.5,179,0.4,159,0.4,41,0.1,47,0.1,44,0.1,57,0.1,46,0.1,55,0.1,59,0.1,52,0.1,43,0.1,42,0.1,58,0.1,38,0.1,64,0.1,59,0.1,68,0.1,70,0.1,76,0.2,50,0.1,66,0.1,72,0.1,74,0.1,83,0.2,98,0.2,86,0.2,94,0.2,99,0.2,109,0.2,113,0.2,111,0.2,137,0.3
나머지 호흡계통의 질환 (Re. J00- J98),1344,3.4,1062,2.6,1046,2.6,944,2.3,881,2.1,881,2.1,868,2.0,1071,2.5,957,2.2,1195,2.7,1205,2.7,1397,3.1,1514,3.3,1563,3.4,1806,3.9,2388,5.1,2232,4.7,3043,6.4,2491,5.2,1939,4.0,1582,3.3,1403,2.9,1408,2.9,1442,2.9,1608,3.3,1805,3.7,1939,3.9,2047,4.1,2295,4.6,2505,5.0,2515,5.0,2604,5.1,2939,5.8,3115,6.1,3276,6.4,3784,7.4,3772,7.3,4019,7.8,4455,8.7,4889,9.5,5454,10.7,5153,10.1
위 및 십이지장 궤양 (K25-K27),1326,3.3,1171,2.9,1173,2.9,1032,2.5,875,2.1,689,1.6,654,1.5,716,1.7,694,1.6,868,2.0,909,2.0,989,2.2,820,1.8,774,1.7,684,1.5,697,1.5,635,1.3,712,1.5,673,1.4,727,1.5,494,1.0,464,1.0,378,0.8,443,0.9,533,1.1,475,1.0,465,0.9,538,1.1,536,1.1,501,1.0,464,0.9,525,1.0,504,1.0,497,1.0,470,0.9,452,0.9,482,0.9,502,1.0,453,0.9,561,1.1,524,1.0,552,1.1
위염 및 십이지장염 (K29),645,1.6,552,1.4,492,1.2,562,1.4,454,1.1,456,1.1,439,1.0,328,0.8,351,0.8,472,1.1,649,1.5,575,1.3,393,0.9,402,0.9,299,0.6,254,0.5,364,0.8,321,0.7,248,0.5,299,0.6,106,0.2,50,0.1,35,0.1,32,0.1,42,0.1,32,0.1,29,0.1,32,0.1,40,0.1,49,0.1,40,0.1,47,0.1,27,0.1,26,0.1,22,0.0,25,0.0,25,0.0,28,0.1,30,0.1,30,0.1,32,0.1,20,0.0
"나머지 식도, 위 및 십이지장의 질환 (Re. K20- K31)",3305,8.3,2729,6.8,2448,6.0,2058,5.0,1825,4.4,1491,3.5,1364,3.2,1179,2.8,1090,2.5,1117,2.6,997,2.2,828,1.8,657,1.4,690,1.5,613,1.3,600,1.3,540,1.1,410,0.9,350,0.7,202,0.4,161,0.3,134,0.3,122,0.3,112,0.2,114,0.2,114,0.2,103,0.2,83,0.2,118,0.2,107,0.2,111,0.2,123,0.2,117,0.2,122,0.2,108,0.2,139,0.3,125,0.2,141,0.3,137,0.3,148,0.3,156,0.3,188,0.4
비감염성 장염 및 대장염(큰창자염) (K50-K52),281,0.7,205,0.5,218,0.5,258,0.6,288,0.7,288,0.7,326,0.8,132,0.3,136,0.3,209,0.5,309,0.7,265,0.6,249,0.5,149,0.3,162,0.3,185,0.4,194,0.4,151,0.3,176,0.4,159,0.3,121,0.3,125,0.3,128,0.3,134,0.3,139,0.3,129,0.3,127,0.3,111,0.2,59,0.1,83,0.2,66,0.1,67,0.1,64,0.1,84,0.2,66,0.1,60,0.1,59,0.1,62,0.1,52,0.1,70,0.1,75,0.1,69,0.1
헤르니아가 없는 마비성 장폐색증 및 창자폐쇄 (K56),126,0.3,128,0.3,128,0.3,118,0.3,91,0.2,99,0.2,90,0.2,103,0.2,127,0.3,154,0.4,155,0.3,202,0.4,203,0.4,175,0.4,190,0.4,216,0.5,221,0.5,302,0.6,299,0.6,310,0.6,338,0.7,344,0.7,371,0.8,405,0.8,447,0.9,437,0.9,435,0.9,509,1.0,574,1.1,589,1.2,586,1.2,667,1.3,693,1.4,686,1.3,713,1.4,712,1.4,683,1.3,753,1.5,753,1.5,748,1.5,801,1.6,917,1.8
복막염 (K65),626,1.6,488,1.2,446,1.1,382,0.9,334,0.8,338,0.8,364,0.9,254,0.6,266,0.6,241,0.6,204,0.5,231,0.5,286,0.6,252,0.5,244,0.5,264,0.6,219,0.5,234,0.5,189,0.4,144,0.3,136,0.3,144,0.3,156,0.3,175,0.4,173,0.4,203,0.4,270,0.5,246,0.5,275,0.5,284,0.6,273,0.5,279,0.5,298,0.6,359,0.7,388,0.8,393,0.8,360,0.7,379,0.7,351,0.7,418,0.8,416,0.8,391,0.8
알코올성 간질환 (K70),176,0.4,131,0.3,97,0.2,102,0.2,180,0.4,304,0.7,439,1.0,473,1.1,526,1.2,861,2.0,911,2.0,912,2.0,1450,3.2,1381,3.0,1412,3.0,1191,2.5,1310,2.8,1409,3.0,1847,3.9,3025,6.3,3708,7.7,4013,8.3,3618,7.4,3400,7.0,3776,7.7,3666,7.4,3586,7.2,3686,7.4,3687,7.4,3748,7.4,3655,7.2,3659,7.2,3872,7.6,3773,7.4,3712,7.2,3818,7.4,3658,7.1,3941,7.7,3834,7.5,3900,7.6,3422,6.7,3732,7.3
달리 분류되지 않은 간기능상실 (K72),443,1.1,389,1.0,389,1.0,337,0.8,268,0.6,216,0.5,173,0.4,141,0.3,188,0.4,215,0.5,206,0.5,144,0.3,226,0.5,314,0.7,295,0.6,606,1.3,375,0.8,488,1.0,321,0.7,237,0.5,210,0.4,166,0.3,172,0.4,146,0.3,154,0.3,182,0.4,179,0.4,166,0.3,179,0.4,172,0.3,201,0.4,215,0.4,199,0.4,206,0.4,250,0.5,280,0.5,279,0.5,284,0.6,335,0.7,435,0.8,506,1.0,524,1.0
달리 분류되지 않은 만성 간염 (K73),169,0.4,128,0.3,102,0.2,80,0.2,66,0.2,47,0.1,78,0.2,82,0.2,132,0.3,187,0.4,237,0.5,167,0.4,85,0.2,69,0.1,55,0.1,74,0.2,85,0.2,123,0.3,105,0.2,131,0.3,82,0.2,47,0.1,29,0.1,16,0.0,32,0.1,15,0.0,19,0.0,19,0.0,26,0.1,17,0.0,11,0.0,18,0.0,13,0.0,10,0.0,12,0.0,12,0.0,13,0.0,10,0.0,9,0.0,14,0.0,13,0.0,16,0.0
간의 섬유증 및 경화 (K74),8914,22.3,9263,22.9,10133,24.8,10002,24.3,10036,24.1,9820,23.4,10222,24.1,9990,23.3,9938,23.0,10229,23.4,10927,24.4,10556,23.3,10517,23.0,9860,21.4,9425,20.3,8781,18.7,8373,17.8,7967,16.8,7631,15.9,6650,13.8,5488,11.4,4634,9.6,4281,8.8,3717,7.6,3050,6.2,2931,5.9,2673,5.4,2605,5.2,2442,4.9,2413,4.8,2343,4.6,2315,4.6,2325,4.6,2423,4.7,2366,4.6,2288,4.5,2133,4.2,2202,4.3,2396,4.7,2627,5.1,2728,5.3,2836,5.6
나머지 간 질환 (Re. K70- K76),2861,7.2,2570,6.4,2017,4.9,1950,4.7,1805,4.3,1615,3.8,1489,3.5,1347,3.1,1230,2.8,1176,2.7,1097,2.5,1072,2.4,1180,2.6,1031,2.2,985,2.1,980,2.1,959,2.0,929,2.0,798,1.7,572,1.2,454,0.9,416,0.9,348,0.7,352,0.7,347,0.7,370,0.7,410,0.8,411,0.8,417,0.8,443,0.9,455,0.9,428,0.8,438,0.9,386,0.8,457,0.9,460,0.9,413,0.8,542,1.1,555,1.1,565,1.1,594,1.2,679,1.3
담석증 (K80),165,0.4,157,0.4,149,0.4,166,0.4,164,0.4,157,0.4,220,0.5,221,0.5,236,0.5,292,0.7,380,0.8,372,0.8,376,0.8,312,0.7,281,0.6,337,0.7,272,0.6,314,0.7,350,0.7,350,0.7,373,0.8,301,0.6,335,0.7,314,0.6,394,0.8,369,0.7,329,0.7,389,0.8,414,0.8,456,0.9,473,0.9,448,0.9,449,0.9,442,0.9,448,0.9,466,0.9,455,0.9,509,1.0,509,1.0,552,1.1,558,1.1,744,1.5
급성 췌장염 및 췌장의 기타 질환 (K85-K86),139,0.3,149,0.4,152,0.4,175,0.4,152,0.4,175,0.4,179,0.4,193,0.5,234,0.5,240,0.5,280,0.6,302,0.7,318,0.7,331,0.7,313,0.7,299,0.6,316,0.7,362,0.8,328,0.7,316,0.7,271,0.6,313,0.6,275,0.6,291,0.6,292,0.6,320,0.6,332,0.7,335,0.7,337,0.7,351,0.7,316,0.6,314,0.6,333,0.7,319,0.6,308,0.6,305,0.6,317,0.6,341,0.7,352,0.7,375,0.7,369,0.7,393,0.8
나머지 소화계통의 질환 (Re. K00- K92),875,2.2,664,1.6,653,1.6,671,1.6,717,1.7,737,1.8,835,2.0,706,1.6,743,1.7,808,1.8,784,1.8,1181,2.6,1146,2.5,945,2.1,1100,2.4,1453,3.1,1104,2.3,1242,2.6,1171,2.4,1063,2.2,967,2.0,985,2.0,1044,2.1,1211,2.5,1343,2.7,1526,3.1,1703,3.4,1933,3.9,2031,4.1,2063,4.1,2177,4.3,2247,4.4,2377,4.7,2616,5.1,2812,5.5,2991,5.8,2961,5.8,3176,6.2,3378,6.6,3680,7.2,3788,7.4,3598,7.0
욕창궤양 및 압박부위 (L89),0,-,4,0.0,2,0.0,7,0.0,12,0.0,1,0.0,12,0.0,15,0.0,64,0.1,100,0.2,141,0.3,157,0.3,108,0.2,109,0.2,132,0.3,262,0.6,286,0.6,314,0.7,388,0.8,378,0.8,355,0.7,338,0.7,338,0.7,420,0.9,317,0.6,313,0.6,312,0.6,341,0.7,308,0.6,295,0.6,289,0.6,321,0.6,317,0.6,366,0.7,428,0.8,406,0.8,413,0.8,365,0.7,315,0.6,338,0.7,316,0.6,304,0.6
나머지 피부 및 피하조직의 질환 (Re. L00- L98),68,0.2,53,0.1,32,0.1,34,0.1,26,0.1,28,0.1,39,0.1,30,0.1,61,0.1,39,0.1,48,0.1,73,0.2,91,0.2,61,0.1,69,0.1,71,0.2,72,0.2,75,0.2,57,0.1,59,0.1,53,0.1,61,0.1,71,0.1,81,0.2,100,0.2,104,0.2,106,0.2,149,0.3,162,0.3,148,0.3,139,0.3,163,0.3,153,0.3,152,0.3,192,0.4,206,0.4,204,0.4,203,0.4,218,0.4,207,0.4,201,0.4,204,0.4
류마티스 관절염 (M05-M06),57,0.1,46,0.1,63,0.2,46,0.1,47,0.1,69,0.2,78,0.2,114,0.3,97,0.2,150,0.3,157,0.4,173,0.4,200,0.4,197,0.4,188,0.4,186,0.4,198,0.4,234,0.5,219,0.5,291,0.6,304,0.6,202,0.4,169,0.3,176,0.4,151,0.3,143,0.3,147,0.3,154,0.3,164,0.3,162,0.3,189,0.4,175,0.3,142,0.3,140,0.3,155,0.3,109,0.2,138,0.3,128,0.2,167,0.3,159,0.3,156,0.3,204,0.4
기타 염증성 다발관절병증 (M08-M13),215,0.5,193,0.5,193,0.5,193,0.5,179,0.4,144,0.3,209,0.5,202,0.5,231,0.5,384,0.9,600,1.3,688,1.5,500,1.1,514,1.1,462,1.0,467,1.0,452,1.0,382,0.8,395,0.8,183,0.4,103,0.2,98,0.2,106,0.2,104,0.2,86,0.2,95,0.2,97,0.2,86,0.2,90,0.2,69,0.1,62,0.1,46,0.1,50,0.1,58,0.1,45,0.1,50,0.1,24,0.0,36,0.1,32,0.1,41,0.1,48,0.1,29,0.1
전신 결합조직 장애 (M30-M35),4,0.0,15,0.0,58,0.1,57,0.1,47,0.1,50,0.1,79,0.2,100,0.2,101,0.2,96,0.2,117,0.3,98,0.2,126,0.3,130,0.3,154,0.3,136,0.3,129,0.3,132,0.3,153,0.3,146,0.3,156,0.3,175,0.4,186,0.4,208,0.4,169,0.3,170,0.3,182,0.4,211,0.4,211,0.4,226,0.4,281,0.6,260,0.5,258,0.5,262,0.5,257,0.5,269,0.5,277,0.5,236,0.5,261,0.5,281,0.5,277,0.5,322,0.6
척추병증 (M45-M48),16,0.0,7,0.0,8,0.0,20,0.0,18,0.0,18,0.0,18,0.0,33,0.1,40,0.1,63,0.1,143,0.3,124,0.3,62,0.1,78,0.2,70,0.2,64,0.1,64,0.1,69,0.1,85,0.2,83,0.2,57,0.1,57,0.1,91,0.2,77,0.2,142,0.3,135,0.3,161,0.3,176,0.4,148,0.3,163,0.3,140,0.3,145,0.3,132,0.3,112,0.2,122,0.2,143,0.3,142,0.3,180,0.4,164,0.3,160,0.3,166,0.3,192,0.4
목뼈 원판 및 기타 추간판 장애 (M50-M51),23,0.1,23,0.1,24,0.1,14,0.0,23,0.1,15,0.0,24,0.1,36,0.1,43,0.1,63,0.1,82,0.2,94,0.2,97,0.2,105,0.2,95,0.2,121,0.3,118,0.3,84,0.2,92,0.2,74,0.2,57,0.1,49,0.1,43,0.1,31,0.1,30,0.1,27,0.1,30,0.1,34,0.1,34,0.1,34,0.1,23,0.0,24,0.0,11,0.0,14,0.0,15,0.0,11,0.0,8,0.0,13,0.0,18,0.0,19,0.0,16,0.0,27,0.1
연조직 장애 (M60-M79),349,0.9,272,0.7,215,0.5,209,0.5,165,0.4,153,0.4,154,0.4,177,0.4,160,0.4,306,0.7,338,0.8,429,0.9,366,0.8,278,0.6,239,0.5,318,0.7,289,0.6,210,0.4,172,0.4,84,0.2,73,0.2,95,0.2,103,0.2,134,0.3,182,0.4,192,0.4,224,0.5,242,0.5,264,0.5,225,0.4,220,0.4,191,0.4,208,0.4,227,0.4,219,0.4,222,0.4,214,0.4,220,0.4,207,0.4,262,0.5,258,0.5,230,0.5
골다공증 (M80-M81),1,0.0,0,-,0,-,0,-,2,0.0,0,-,2,0.0,11,0.0,15,0.0,23,0.1,61,0.1,101,0.2,212,0.5,228,0.5,275,0.6,387,0.8,506,1.1,460,1.0,568,1.2,1185,2.5,1122,2.3,703,1.4,633,1.3,700,1.4,902,1.8,662,1.3,716,1.4,718,1.4,620,1.2,603,1.2,459,0.9,482,0.9,457,0.9,439,0.9,432,0.8,384,0.7,363,0.7,391,0.8,372,0.7,463,0.9,451,0.9,572,1.1
기타 뼈 밀도 및 구조장애 (M83-M85),20,0.1,30,0.1,47,0.1,37,0.1,28,0.1,25,0.1,35,0.1,57,0.1,97,0.2,181,0.4,343,0.8,378,0.8,260,0.6,275,0.6,213,0.5,399,0.9,504,1.1,326,0.7,193,0.4,107,0.2,46,0.1,11,0.0,7,0.0,14,0.0,5,0.0,14,0.0,6,0.0,9,0.0,3,0.0,7,0.0,3,0.0,3,0.0,5,0.0,9,0.0,27,0.1,27,0.1,4,0.0,5,0.0,4,0.0,4,0.0,9,0.0,11,0.0
골수염 (M86),120,0.3,120,0.3,112,0.3,98,0.2,90,0.2,83,0.2,93,0.2,99,0.2,117,0.3,103,0.2,107,0.2,102,0.2,90,0.2,87,0.2,66,0.1,70,0.1,43,0.1,44,0.1,38,0.1,42,0.1,47,0.1,35,0.1,49,0.1,37,0.1,43,0.1,31,0.1,43,0.1,54,0.1,47,0.1,51,0.1,62,0.1,46,0.1,56,0.1,49,0.1,67,0.1,55,0.1,50,0.1,43,0.1,58,0.1,56,0.1,57,0.1,59,0.1
나머지 근육골격계통 및 결합 조직의 질환 (Re. M00- M99),69,0.2,50,0.1,54,0.1,54,0.1,57,0.1,62,0.1,63,0.1,57,0.1,75,0.2,90,0.2,107,0.2,127,0.3,170,0.4,155,0.3,152,0.3,327,0.7,260,0.6,194,0.4,207,0.4,277,0.6,121,0.3,131,0.3,145,0.3,183,0.4,204,0.4,197,0.4,239,0.5,187,0.4,191,0.4,227,0.5,221,0.4,187,0.4,172,0.3,186,0.4,182,0.4,142,0.3,146,0.3,161,0.3,94,0.2,149,0.3,145,0.3,149,0.3
사구체 질환 (N00-N07),1154,2.9,960,2.4,890,2.2,857,2.1,672,1.6,516,1.2,516,1.2,393,0.9,315,0.7,339,0.8,314,0.7,362,0.8,235,0.5,241,0.5,242,0.5,235,0.5,212,0.4,170,0.4,129,0.3,107,0.2,74,0.2,72,0.1,55,0.1,69,0.1,90,0.2,86,0.2,93,0.2,100,0.2,79,0.2,96,0.2,88,0.2,73,0.1,90,0.2,91,0.2,89,0.2,114,0.2,88,0.2,91,0.2,103,0.2,78,0.2,87,0.2,87,0.2
급성 신부전 (N17),45,0.1,57,0.1,77,0.2,83,0.2,87,0.2,142,0.3,188,0.4,132,0.3,128,0.3,153,0.3,134,0.3,110,0.2,190,0.4,173,0.4,217,0.5,366,0.8,270,0.6,269,0.6,274,0.6,251,0.5,190,0.4,230,0.5,267,0.5,264,0.5,368,0.7,396,0.8,540,1.1,550,1.1,588,1.2,643,1.3,681,1.3,563,1.1,775,1.5,830,1.6,941,1.8,1108,2.2,1111,2.2,1287,2.5,1406,2.7,1510,2.9,1510,3.0,1462,2.9
만성 신장질환 (N18),198,0.5,231,0.6,292,0.7,295,0.7,274,0.7,275,0.7,352,0.8,310,0.7,577,1.3,846,1.9,964,2.2,945,2.1,889,1.9,888,1.9,985,2.1,973,2.1,1155,2.4,1373,2.9,1656,3.5,2068,4.3,2036,4.2,2159,4.5,2140,4.4,2206,4.5,2614,5.3,2897,5.9,2839,5.7,2881,5.8,2867,5.7,3119,6.2,3338,6.6,3422,6.7,3706,7.3,3743,7.3,3674,7.2,3838,7.5,4179,8.1,4489,8.7,4673,9.1,5050,9.9,5124,10.0,5868,11.5
상세불명의 신부전 (N19),190,0.5,195,0.5,277,0.7,313,0.8,327,0.8,506,1.2,423,1.0,442,1.0,348,0.8,219,0.5,194,0.4,353,0.8,452,1.0,472,1.0,555,1.2,755,1.6,720,1.5,763,1.6,623,1.3,367,0.8,197,0.4,203,0.4,234,0.5,262,0.5,247,0.5,344,0.7,391,0.8,400,0.8,392,0.8,408,0.8,419,0.8,486,1.0,529,1.0,639,1.3,672,1.3,711,1.4,746,1.5,813,1.6,902,1.8,908,1.8,958,1.9,912,1.8
나머지 비뇨생식계통 질환 (Re. N00- N98),405,1.0,389,1.0,401,1.0,407,1.0,352,0.8,410,1.0,366,0.9,328,0.8,392,0.9,395,0.9,504,1.1,521,1.2,474,1.0,461,1.0,512,1.1,558,1.2,575,1.2,577,1.2,621,1.3,455,0.9,391,0.8,364,0.8,397,0.8,456,0.9,589,1.2,602,1.2,729,1.5,914,1.8,996,2.0,1172,2.3,1126,2.2,1290,2.5,1446,2.8,1865,3.6,2206,4.3,2389,4.7,2441,4.8,2663,5.2,2695,5.3,2685,5.2,2629,5.1,2604,5.1
"임신, 출산 및 산후기 (O00-O99)",184,0.5,135,0.3,126,0.3,103,0.2,68,0.2,67,0.2,65,0.2,92,0.2,98,0.2,85,0.2,89,0.2,86,0.2,90,0.2,77,0.2,68,0.1,63,0.1,79,0.2,63,0.1,71,0.1,72,0.1,59,0.1,60,0.1,55,0.1,54,0.1,48,0.1,39,0.1,62,0.1,75,0.2,85,0.2,56,0.1,51,0.1,48,0.1,42,0.1,37,0.1,32,0.1,41,0.1,36,0.1,36,0.1,24,0.0,25,0.0,26,0.1,26,0.1
임신기간 및 태아발육과 관련된 장애 (P05-P08),26,0.1,30,0.1,28,0.1,29,0.1,26,0.1,50,0.1,33,0.1,36,0.1,48,0.1,82,0.2,111,0.2,92,0.2,103,0.2,85,0.2,72,0.2,35,0.1,183,0.4,161,0.3,306,0.6,242,0.5,303,0.6,228,0.5,175,0.4,111,0.2,110,0.2,87,0.2,33,0.1,30,0.1,37,0.1,27,0.1,31,0.1,30,0.1,29,0.1,54,0.1,39,0.1,69,0.1,31,0.1,46,0.1,36,0.1,39,0.1,55,0.1,37,0.1
"자궁내 저산소증, 출산 질식 및 신생아의 호흡곤란 (P20-P22)",3,0.0,2,0.0,3,0.0,4,0.0,3,0.0,6,0.0,20,0.0,7,0.0,26,0.1,109,0.2,44,0.1,14,0.0,24,0.1,35,0.1,41,0.1,27,0.1,327,0.7,430,0.9,510,1.1,379,0.8,419,0.9,395,0.8,284,0.6,286,0.6,321,0.7,305,0.6,325,0.7,397,0.8,363,0.7,342,0.7,232,0.5,237,0.5,234,0.5,210,0.4,146,0.3,144,0.3,116,0.2,67,0.1,87,0.2,66,0.1,71,0.1,60,0.1
나머지 출생전후기에 기원한 특정병태 (Re. P00- P96),47,0.1,31,0.1,50,0.1,75,0.2,62,0.1,61,0.1,104,0.2,85,0.2,171,0.4,185,0.4,128,0.3,132,0.3,127,0.3,136,0.3,137,0.3,158,0.3,632,1.3,727,1.5,881,1.8,684,1.4,588,1.2,591,1.2,446,0.9,462,0.9,476,1.0,412,0.8,381,0.8,403,0.8,369,0.7,395,0.8,426,0.8,429,0.8,368,0.7,352,0.7,338,0.7,263,0.5,277,0.5,218,0.4,186,0.4,173,0.3,146,0.3,164,0.3
신경계통의 선천 기형 (Q00-Q07),34,0.1,43,0.1,74,0.2,37,0.1,29,0.1,52,0.1,65,0.2,72,0.2,72,0.2,65,0.1,81,0.2,99,0.2,55,0.1,53,0.1,34,0.1,37,0.1,46,0.1,75,0.2,57,0.1,51,0.1,51,0.1,51,0.1,49,0.1,49,0.1,40,0.1,35,0.1,31,0.1,39,0.1,42,0.1,34,0.1,37,0.1,33,0.1,22,0.0,29,0.1,38,0.1,29,0.1,22,0.0,32,0.1,17,0.0,36,0.1,27,0.1,27,0.1
심장의 선천 기형 (Q20-Q24),491,1.2,584,1.4,694,1.7,703,1.7,574,1.4,849,2.0,938,2.2,871,2.0,944,2.2,927,2.1,847,1.9,766,1.7,672,1.5,612,1.3,539,1.2,377,0.8,493,1.0,437,0.9,461,1.0,445,0.9,336,0.7,295,0.6,242,0.5,219,0.4,245,0.5,203,0.4,176,0.4,173,0.3,203,0.4,189,0.4,184,0.4,163,0.3,153,0.3,129,0.3,119,0.2,91,0.2,107,0.2,97,0.2,89,0.2,66,0.1,78,0.2,93,0.2
기타 순환기계통의 선천 기형 (Q25-Q28),13,0.0,10,0.0,11,0.0,17,0.0,9,0.0,15,0.0,15,0.0,63,0.1,45,0.1,33,0.1,47,0.1,48,0.1,43,0.1,41,0.1,48,0.1,42,0.1,78,0.2,80,0.2,82,0.2,103,0.2,144,0.3,106,0.2,89,0.2,90,0.2,75,0.2,71,0.1,62,0.1,69,0.1,53,0.1,59,0.1,62,0.1,59,0.1,46,0.1,44,0.1,47,0.1,61,0.1,44,0.1,36,0.1,28,0.1,30,0.1,20,0.0,32,0.1
"나머지 선천 기형, 변형 및 염색체 이상 (Re. Q00- Q99)",132,0.3,124,0.3,146,0.4,144,0.3,137,0.3,155,0.4,160,0.4,188,0.4,239,0.6,264,0.6,328,0.7,297,0.7,243,0.5,268,0.6,250,0.5,168,0.4,329,0.7,353,0.7,350,0.7,382,0.8,344,0.7,290,0.6,231,0.5,218,0.4,245,0.5,218,0.4,201,0.4,212,0.4,203,0.4,217,0.4,226,0.4,216,0.4,212,0.4,224,0.4,167,0.3,178,0.3,148,0.3,144,0.3,146,0.3,170,0.3,170,0.3,199,0.4
노쇠 (R54),45564,114.2,42642,105.5,31420,77.0,29342,71.2,33552,80.6,32499,77.3,26929,63.4,24848,58.0,21358,49.3,18935,43.3,16998,38.0,20867,46.2,31826,69.7,34154,74.1,37591,80.9,33601,71.7,35004,74.2,27632,58.1,24176,50.5,20793,43.2,22854,47.3,26315,54.3,27446,56.4,26988,55.2,23206,47.2,20900,42.3,18093,36.4,16641,33.4,15198,30.3,14946,29.7,14521,28.7,13964,27.5,14054,27.6,14448,28.3,13664,26.7,14369,28.0,13522,26.3,15823,30.8,17653,34.4,21485,41.9,20655,40.4,20863,40.9
영아 급사 증후군 (R95),508,1.3,381,0.9,275,0.7,327,0.8,153,0.4,59,0.1,58,0.1,10,0.0,127,0.3,204,0.5,111,0.2,128,0.3,124,0.3,145,0.3,108,0.2,106,0.2,163,0.3,103,0.2,88,0.2,89,0.2,89,0.2,71,0.1,76,0.2,77,0.2,54,0.1,82,0.2,86,0.2,98,0.2,95,0.2,99,0.2,88,0.2,84,0.2,66,0.1,87,0.2,76,0.1,75,0.1,52,0.1,61,0.1,50,0.1,39,0.1,45,0.1,47,0.1
원인 미상의 기타 급사 (R96),55,0.1,10,0.0,68,0.2,0,-,8,0.0,8,0.0,5,0.0,16,0.0,151,0.3,106,0.2,182,0.4,195,0.4,269,0.6,191,0.4,298,0.6,465,1.0,751,1.6,683,1.4,585,1.2,486,1.0,591,1.2,611,1.3,588,1.2,737,1.5,854,1.7,1088,2.2,947,1.9,1147,2.3,971,1.9,1014,2.0,1121,2.2,1089,2.1,991,1.9,926,1.8,802,1.6,875,1.7,895,1.7,890,1.7,890,1.7,986,1.9,866,1.7,862,1.7
"나머지 달리 분류되지 않은 증상, 징후 (Re. R00- R99)",37766,94.6,23966,59.3,38841,95.2,44679,108.4,45339,108.9,41418,98.5,43273,101.9,46438,108.3,46017,106.3,28162,64.4,15886,35.5,12428,27.5,4784,10.5,5565,12.1,6103,13.1,6333,13.5,6304,13.4,6093,12.8,4741,9.9,3515,7.3,3954,8.2,3878,8.0,4257,8.7,4232,8.7,4444,9.0,5639,11.4,6682,13.5,7964,16.0,8734,17.4,9056,18.0,8836,17.5,8663,17.1,9285,18.2,9560,18.7,10955,21.4,13147,25.6,13707,26.7,15027,29.3,19240,37.5,21528,42.0,20204,39.5,20015,39.2
육상 운수사고 (V01-V89),4349,10.9,5351,13.2,6425,15.7,6738,16.3,8052,19.3,8224,19.6,11175,26.3,13838,32.3,13998,32.3,13498,30.9,13631,30.5,15269,33.8,17360,38.0,17453,37.9,15221,32.8,11978,25.6,12242,26.0,11899,25.0,9832,20.5,8973,18.6,9081,18.8,8154,16.8,7805,16.0,7700,15.8,7510,15.3,7186,14.5,7019,14.1,6701,13.4,6195,12.4,6374,12.7,5931,11.7,5479,10.8,5434,10.7,5035,9.9,4929,9.6,4571,8.9,4099,8.0,3842,7.5,3537,6.9,3385,6.6,3209,6.3,3173,6.2
수상 운수사고 (V90-V94),178,0.4,267,0.7,383,0.9,315,0.8,423,1.0,305,0.7,323,0.8,351,0.8,329,0.8,376,0.9,476,1.1,313,0.7,305,0.7,282,0.6,213,0.5,115,0.2,190,0.4,226,0.5,229,0.5,205,0.4,152,0.3,200,0.4,172,0.4,106,0.2,110,0.2,84,0.2,113,0.2,111,0.2,97,0.2,113,0.2,84,0.2,213,0.4,97,0.2,94,0.2,95,0.2,85,0.2,111,0.2,97,0.2,79,0.2,61,0.1,67,0.1,97,0.2
항공 및 기타 운수사고 (V95-V99),64,0.2,13,0.0,13,0.0,3,0.0,45,0.1,11,0.0,71,0.2,23,0.1,6,0.0,14,0.0,53,0.1,15,0.0,19,0.0,14,0.0,182,0.4,11,0.0,19,0.0,7,0.0,21,0.0,68,0.1,25,0.1,12,0.0,12,0.0,12,0.0,25,0.1,17,0.0,15,0.0,18,0.0,24,0.0,15,0.0,13,0.0,8,0.0,8,0.0,21,0.0,4,0.0,15,0.0,11,0.0,8,0.0,8,0.0,25,0.0,11,0.0,181,0.4
낙상(추락) (W00-W19),2610,6.5,2536,6.3,2419,5.9,2604,6.3,2945,7.1,3125,7.4,1685,4.0,1301,3.0,1098,2.5,1429,3.3,1770,4.0,2266,5.0,2421,5.3,2363,5.1,2425,5.2,2310,4.9,2626,5.6,2746,5.8,2778,5.8,3153,6.6,3536,7.3,3365,6.9,3169,6.5,3429,7.0,3006,6.1,2481,5.0,2145,4.3,2129,4.3,2144,4.3,2104,4.2,2333,4.6,2282,4.5,2320,4.6,2603,5.1,2672,5.2,2669,5.2,2665,5.2,2663,5.2,2722,5.3,2702,5.3,2509,4.9,2856,5.6
폭발 (W35-W40),70,0.2,47,0.1,54,0.1,44,0.1,30,0.1,31,0.1,36,0.1,56,0.1,40,0.1,47,0.1,81,0.2,82,0.2,177,0.4,71,0.2,63,0.1,90,0.2,42,0.1,84,0.2,78,0.2,87,0.2,103,0.2,84,0.2,62,0.1,56,0.1,65,0.1,60,0.1,52,0.1,58,0.1,62,0.1,62,0.1,49,0.1,39,0.1,48,0.1,32,0.1,24,0.0,36,0.1,39,0.1,66,0.1,25,0.0,38,0.1,31,0.1,35,0.1
나머지 무생물성 기계적 힘에 노출 (Re. W20- W49),147,0.4,223,0.6,327,0.8,292,0.7,187,0.4,195,0.5,222,0.5,407,0.9,345,0.8,489,1.1,639,1.4,821,1.8,1062,2.3,470,1.0,377,0.8,294,0.6,268,0.6,299,0.6,322,0.7,404,0.8,451,0.9,425,0.9,436,0.9,445,0.9,443,0.9,470,1.0,472,1.0,440,0.9,471,0.9,482,1.0,479,0.9,418,0.8,455,0.9,419,0.8,364,0.7,334,0.7,388,0.8,351,0.7,342,0.7,350,0.7,350,0.7,339,0.7
불의의 익사 및 익수 (W65-W74),2761,6.9,2907,7.2,2568,6.3,2213,5.4,2584,6.2,2220,5.3,1955,4.6,1490,3.5,1843,4.3,2090,4.8,1956,4.4,2375,5.3,1788,3.9,1840,4.0,1710,3.7,1861,4.0,1602,3.4,1649,3.5,1307,2.7,953,2.0,926,1.9,965,2.0,864,1.8,763,1.6,722,1.5,687,1.4,577,1.2,638,1.3,646,1.3,712,1.4,622,1.2,564,1.1,589,1.2,649,1.3,585,1.1,557,1.1,470,0.9,520,1.0,462,0.9,473,0.9,516,1.0,437,0.9
기타 불의의 호흡 위협 (W75-W84),393,1.0,319,0.8,331,0.8,480,1.2,704,1.7,674,1.6,514,1.2,481,1.1,308,0.7,343,0.8,593,1.3,483,1.1,525,1.2,478,1.0,522,1.1,608,1.3,542,1.1,449,0.9,551,1.2,634,1.3,513,1.1,555,1.1,616,1.3,617,1.3,600,1.2,608,1.2,581,1.2,531,1.1,545,1.1,597,1.2,574,1.1,574,1.1,551,1.1,670,1.3,628,1.2,656,1.3,730,1.4,749,1.5,713,1.4,846,1.7,812,1.6,787,1.5
"전류, 방사선 및 극순환 기온 및 기압에 노출 (W85-W99)",270,0.7,293,0.7,302,0.7,209,0.5,209,0.5,223,0.5,181,0.4,286,0.7,248,0.6,205,0.5,184,0.4,286,0.6,248,0.5,233,0.5,216,0.5,211,0.5,182,0.4,171,0.4,178,0.4,134,0.3,138,0.3,153,0.3,144,0.3,127,0.3,126,0.3,102,0.2,87,0.2,85,0.2,90,0.2,67,0.1,75,0.1,51,0.1,37,0.1,60,0.1,53,0.1,54,0.1,54,0.1,45,0.1,38,0.1,41,0.1,45,0.1,43,0.1
"연기, 불 및 불꽃에 노출 (X00-X09)",601,1.5,636,1.6,497,1.2,607,1.5,561,1.3,673,1.6,737,1.7,585,1.4,563,1.3,755,1.7,885,2.0,804,1.8,856,1.9,817,1.8,802,1.7,600,1.3,658,1.4,603,1.3,609,1.3,556,1.2,690,1.4,373,0.8,446,0.9,403,0.8,317,0.6,320,0.6,230,0.5,279,0.6,254,0.5,311,0.6,299,0.6,323,0.6,269,0.5,283,0.6,322,0.6,316,0.6,238,0.5,264,0.5,253,0.5,276,0.5,229,0.4,229,0.4
과다한 자연 한랭에 노출 (X31),178,0.4,179,0.4,199,0.5,177,0.4,191,0.5,165,0.4,163,0.4,186,0.4,228,0.5,207,0.5,277,0.6,271,0.6,254,0.6,315,0.7,300,0.6,291,0.6,269,0.6,259,0.5,275,0.6,239,0.5,275,0.6,281,0.6,349,0.7,248,0.5,224,0.5,211,0.4,254,0.5,287,0.6,267,0.5,277,0.6,250,0.5,159,0.3,154,0.3,174,0.3,156,0.3,138,0.3,107,0.2,109,0.2,117,0.2,137,0.3,98,0.2,106,0.2
나머지 자연의 힘에 노출 (Re. X30- X39),69,0.2,63,0.2,66,0.2,52,0.1,203,0.5,33,0.1,55,0.1,118,0.3,81,0.2,27,0.1,26,0.1,111,0.2,77,0.2,98,0.2,37,0.1,222,0.5,69,0.1,45,0.1,67,0.1,253,0.5,163,0.3,107,0.2,69,0.1,99,0.2,70,0.1,51,0.1,30,0.1,66,0.1,106,0.2,91,0.2,67,0.1,53,0.1,45,0.1,93,0.2,56,0.1,174,0.3,51,0.1,81,0.2,51,0.1,61,0.1,145,0.3,123,0.2
"약물, 약제 및 생물학적 물질에 의한 불의의 중독 및 노출 (X40-X44)",360,0.9,12,0.0,7,0.0,13,0.0,25,0.1,7,0.0,12,0.0,16,0.0,27,0.1,33,0.1,33,0.1,63,0.1,93,0.2,56,0.1,54,0.1,42,0.1,47,0.1,46,0.1,50,0.1,43,0.1,40,0.1,36,0.1,44,0.1,31,0.1,15,0.0,11,0.0,9,0.0,13,0.0,8,0.0,21,0.0,22,0.0,20,0.0,34,0.1,60,0.1,60,0.1,68,0.1,45,0.1,53,0.1,58,0.1,63,0.1,55,0.1,70,0.1
화학물 및 독성 물질에 의한 불의의 중독 및 노출 (X45-X49),3214,8.1,3442,8.5,3350,8.2,3190,7.7,3181,7.6,2632,6.3,2250,5.3,1852,4.3,1719,4.0,1768,4.0,1702,3.8,1441,3.2,1267,2.8,1057,2.3,1026,2.2,1102,2.4,807,1.7,359,0.8,348,0.7,251,0.5,215,0.4,220,0.5,235,0.5,268,0.5,207,0.4,219,0.4,185,0.4,211,0.4,199,0.4,261,0.5,230,0.5,189,0.4,179,0.4,239,0.5,224,0.4,229,0.4,176,0.3,189,0.4,182,0.4,188,0.4,167,0.3,148,0.3
상세불명의 요인에 노출 (X59),2861,7.2,2887,7.1,2725,6.7,2816,6.8,3114,7.5,3825,9.1,3758,8.9,3126,7.3,5864,13.5,5988,13.7,4382,9.8,1784,3.9,1331,2.9,1340,2.9,1366,2.9,1302,2.8,755,1.6,524,1.1,1401,2.9,790,1.6,546,1.1,378,0.8,389,0.8,514,1.1,809,1.6,1041,2.1,1113,2.2,1612,3.2,1589,3.2,1884,3.7,1978,3.9,2027,4.0,2083,4.1,1857,3.6,1741,3.4,1342,2.6,1358,2.6,1377,2.7,1324,2.6,1535,3.0,1818,3.6,2059,4.0
살충제에 의한 자의의 중독 및 노출 (X68),751,1.9,840,2.1,959,2.4,882,2.1,849,2.0,704,1.7,821,1.9,706,1.6,625,1.4,831,1.9,1017,2.3,1015,2.2,1376,3.0,1381,3.0,1195,2.6,1594,3.4,1471,3.1,1498,3.2,1718,3.6,2638,5.5,3314,6.9,3546,7.3,3140,6.4,2759,5.6,2896,5.9,2800,5.7,2743,5.5,2719,5.5,2580,5.1,2103,4.2,1442,2.9,1072,2.1,959,1.9,1016,2.0,834,1.6,806,1.6,782,1.5,691,1.3,741,1.4,664,1.3,669,1.3,624,1.2
"목맴, 압박 및 질식에 의한 의도적 자해 (X70)",602,1.5,779,1.9,942,2.3,946,2.3,925,2.2,798,1.9,849,2.0,910,2.1,912,2.1,1144,2.6,1408,3.1,1486,3.3,1660,3.6,2425,5.3,2440,5.3,3428,7.3,2382,5.1,2100,4.4,2191,4.6,2668,5.5,3717,7.7,4210,8.7,5433,11.2,4711,9.6,6088,12.4,6441,13.0,8259,16.6,8549,17.1,8347,16.7,7150,14.2,7483,14.8,7150,14.1,6690,13.1,6750,13.2,6524,12.7,7125,13.9,7076,13.8,6897,13.4,6581,12.8,6408,12.5,6889,13.5,6284,12.3
높은 곳에서 뛰어내림에 의한 의도적 자해 (X80),25,0.1,29,0.1,33,0.1,31,0.1,46,0.1,45,0.1,50,0.1,103,0.2,116,0.3,144,0.3,291,0.7,388,0.9,515,1.1,658,1.4,706,1.5,727,1.6,657,1.4,659,1.4,729,1.5,1338,2.8,1706,3.5,1802,3.7,1613,3.3,1467,3.0,1715,3.5,1795,3.6,2122,4.3,2159,4.3,2328,4.6,2345,4.7,2136,4.2,1949,3.8,2084,4.1,1915,3.7,1896,3.7,2273,4.4,2270,4.4,2186,4.3,2482,4.8,2522,4.9,2658,5.2,2682,5.3
나머지 수단에 의한 자해 (Re. X60- X84),2093,5.2,1850,4.6,1868,4.6,1705,4.1,1605,3.9,1510,3.6,1413,3.3,1532,3.6,1498,3.5,1509,3.4,1492,3.3,1388,3.1,1379,3.0,1495,3.2,1784,3.8,2950,6.3,2624,5.6,2265,4.8,2330,4.9,2021,4.2,2236,4.6,2010,4.1,1910,3.9,1799,3.7,1551,3.2,1822,3.7,2288,4.6,2139,4.3,2651,5.3,2562,5.1,3366,6.7,3665,7.2,3780,7.4,3411,6.7,3209,6.3,3466,6.8,3671,7.2,3421,6.7,3548,6.9,3312,6.5,3762,7.4,5282,10.3
"목맴, 압박 및 질식에 의한 가해 (X91)",34,0.1,40,0.1,72,0.2,36,0.1,53,0.1,39,0.1,56,0.1,78,0.2,49,0.1,46,0.1,69,0.2,61,0.1,101,0.2,108,0.2,120,0.3,145,0.3,92,0.2,96,0.2,86,0.2,135,0.3,116,0.2,144,0.3,161,0.3,124,0.3,109,0.2,112,0.2,152,0.3,130,0.3,96,0.2,119,0.2,108,0.2,95,0.2,110,0.2,94,0.2,78,0.2,74,0.1,73,0.1,76,0.1,58,0.1,64,0.1,81,0.2,72,0.1
예리한 물체에 의한 가해 (X99),7,0.0,30,0.1,44,0.1,74,0.2,92,0.2,52,0.1,134,0.3,250,0.6,198,0.5,200,0.5,265,0.6,220,0.5,281,0.6,333,0.7,367,0.8,310,0.7,254,0.5,228,0.5,226,0.5,248,0.5,254,0.5,311,0.6,256,0.5,270,0.6,258,0.5,242,0.5,210,0.4,200,0.4,178,0.4,170,0.3,161,0.3,148,0.3,145,0.3,131,0.3,123,0.2,130,0.3,125,0.2,117,0.2,120,0.2,114,0.2,105,0.2,109,0.2
나머지 수단에 의한 가해 (Re. X85- Y09),303,0.8,346,0.9,305,0.7,332,0.8,341,0.8,370,0.9,446,1.1,355,0.8,391,0.9,336,0.8,411,0.9,466,1.0,477,1.0,465,1.0,527,1.1,566,1.2,462,1.0,510,1.1,455,1.0,427,0.9,480,1.0,433,0.9,459,0.9,403,0.8,337,0.7,330,0.7,314,0.6,294,0.6,278,0.6,253,0.5,295,0.6,268,0.5,264,0.5,211,0.4,214,0.4,193,0.4,210,0.4,193,0.4,178,0.3,142,0.3,126,0.2,133,0.3
의도 미확인 사건 (Y10-Y34),245,0.6,153,0.4,159,0.4,91,0.2,156,0.4,1085,2.6,1995,4.7,1948,4.5,1233,2.8,754,1.7,527,1.2,417,0.9,341,0.7,524,1.1,694,1.5,910,1.9,1167,2.5,1615,3.4,1845,3.9,1560,3.2,2023,4.2,2092,4.3,2446,5.0,2323,4.8,2240,4.6,2739,5.5,3066,6.2,2627,5.3,2624,5.2,2274,4.5,2303,4.6,1967,3.9,1798,3.5,1563,3.1,1511,2.9,1715,3.3,1665,3.2,1637,3.2,1718,3.3,2150,4.2,2539,5.0,2887,5.7
운수사고의 후유증 (Y85),18,0.0,17,0.0,11,0.0,16,0.0,16,0.0,38,0.1,65,0.2,102,0.2,111,0.3,199,0.5,257,0.6,315,0.7,340,0.7,317,0.7,334,0.7,352,0.8,341,0.7,318,0.7,376,0.8,329,0.7,304,0.6,252,0.5,224,0.5,263,0.5,161,0.3,85,0.2,60,0.1,50,0.1,45,0.1,36,0.1,33,0.1,36,0.1,39,0.1,32,0.1,37,0.1,45,0.1,47,0.1,40,0.1,31,0.1,38,0.1,51,0.1,46,0.1
기타 질병이환 및 사망외인의 후유증 (Y86-Y89),52,0.1,33,0.1,29,0.1,24,0.1,37,0.1,39,0.1,37,0.1,117,0.3,136,0.3,174,0.4,192,0.4,222,0.5,199,0.4,167,0.4,161,0.3,279,0.6,233,0.5,289,0.6,679,1.4,680,1.4,552,1.1,428,0.9,450,0.9,610,1.2,503,1.0,392,0.8,352,0.7,384,0.8,451,0.9,561,1.1,479,0.9,423,0.8,442,0.9,604,1.2,612,1.2,754,1.5,645,1.3,615,1.2,606,1.2,802,1.6,710,1.4,802,1.6
"나머지 질병이환 및 사망의 외인 (Re. V01- Y89, U12)",73,0.2,80,0.2,100,0.2,99,0.2,90,0.2,87,0.2,111,0.3,142,0.3,155,0.4,160,0.4,134,0.3,165,0.4,165,0.4,112,0.2,134,0.3,175,0.4,169,0.4,162,0.3,207,0.4,210,0.4,185,0.4,186,0.4,212,0.4,191,0.4,219,0.4,169,0.3,213,0.4,214,0.4,170,0.3,209,0.4,203,0.4,177,0.3,170,0.3,202,0.4,203,0.4,215,0.4,176,0.3,155,0.3,173,0.3,291,0.6,160,0.3,144,0.3